"","GOID","GOTERM","ONTOLOGY","HOGs_with_GO_COUNT","HOGs_with_GO","TOTAL_COUNT.all_GO_ID","TOTAL_COUNT.Freq","Ta_COUNT.Var1","Ta_COUNT.Freq","Os_COUNT.Var1","Os_COUNT.Freq","Ms_COUNT.Var1","Ms_COUNT.Freq","Sb_COUNT.Var1","Sb_COUNT.Freq","Zm_COUNT.Var1","Zm_COUNT.Freq","DEFINITION"
"1","GO:0006412","translation","BP",6,"N0.HOG0002924 N0.HOG0001401 N0.HOG0001787 N0.HOG0006269 N0.HOG0001264 N0.HOG0001810","GO:0006412",94,"GO:0006412",20,"GO:0006412",9,"GO:0006412",28,"GO:0006412",22,"GO:0006412",15,"The cellular metabolic process in which a protein is formed, using the sequence of a mature mRNA or circRNA molecule to specify the sequence of amino acids in a polypeptide chain. Translation is mediated by the ribosome, and begins with the formation of a ternary complex between aminoacylated initiator methionine tRNA, GTP, and initiation factor 2, which subsequently associates with the small subunit of the ribosome and an mRNA or circRNA. Translation ends with the release of a polypeptide chain from the ribosome."
"2","GO:0061484","hematopoietic stem cell homeostasis","BP",1,"N0.HOG0001264","GO:0061484",2,"GO:0061484",2,"GO:0061484",0,"GO:0061484",0,"GO:0061484",0,"GO:0061484",0,"Any biological process involved in the maintenance of the steady-state number of hematopoietic stem cells within a population of cells."
"3","GO:0006862","nucleotide transport","BP",1,"N0.HOG0016549","GO:0006862",7,"GO:0006862",1,"GO:0006862",1,"GO:0006862",2,"GO:0006862",2,"GO:0006862",1,"The directed movement of a nucleotide, any compound consisting of a nucleoside that is esterified with (ortho)phosphate, into, out of or within a cell."
"4","GO:0055085","transmembrane transport","BP",2,"N0.HOG0004518 N0.HOG0016549","GO:0055085",19,"GO:0055085",4,"GO:0055085",2,"GO:0055085",5,"GO:0055085",6,"GO:0055085",2,"The process in which a solute is transported across a lipid bilayer, from one side of a membrane to the other."
"5","GO:0002238","response to molecule of fungal origin","BP",2,"N0.HOG0016662 N0.HOG0005632","GO:0002238",11,"GO:0002238",1,"GO:0002238",1,"GO:0002238",3,"GO:0002238",4,"GO:0002238",2,"Any process that results in a change in state or activity of an organism (in terms of movement, secretion, enzyme production, gene expression, etc.) as a result of a stimulus by molecules of fungal origin such as chito-octamer oligosaccharide."
"6","GO:0006665","sphingolipid metabolic process","BP",1,"N0.HOG0016662","GO:0006665",7,"GO:0006665",1,"GO:0006665",1,"GO:0006665",2,"GO:0006665",2,"GO:0006665",1,"The chemical reactions and pathways involving sphingolipids, any of a class of lipids containing the long-chain amine diol sphingosine or a closely related base (a sphingoid)."
"7","GO:0006672","ceramide metabolic process","BP",1,"N0.HOG0016662","GO:0006672",7,"GO:0006672",1,"GO:0006672",1,"GO:0006672",2,"GO:0006672",2,"GO:0006672",1,"The chemical reactions and pathways involving ceramides, any N-acylated sphingoid."
"8","GO:0006914","autophagy","BP",1,"N0.HOG0016662","GO:0006914",7,"GO:0006914",1,"GO:0006914",1,"GO:0006914",2,"GO:0006914",2,"GO:0006914",1,"The cellular catabolic process in which cells digest parts of their own cytoplasm; allows for both recycling of macromolecular constituents under conditions of cellular stress and remodeling the intracellular structure for cell differentiation."
"9","GO:0006952","defense response","BP",1,"N0.HOG0016662","GO:0006952",7,"GO:0006952",1,"GO:0006952",1,"GO:0006952",2,"GO:0006952",2,"GO:0006952",1,"Reactions, triggered in response to the presence of a foreign body or the occurrence of an injury, which result in restriction of damage to the organism attacked or prevention/recovery from the infection caused by the attack."
"10","GO:0009651","response to salt stress","BP",2,"N0.HOG0016662 N0.HOG0004459","GO:0009651",8,"GO:0009651",1,"GO:0009651",1,"GO:0009651",3,"GO:0009651",2,"GO:0009651",1,"Any process that results in a change in state or activity of a cell or an organism (in terms of movement, secretion, enzyme production, gene expression, etc.) as a result of a stimulus indicating an increase or decrease in the concentration of salt (particularly but not exclusively sodium and chloride ions) in the environment."
"11","GO:0009737","response to abscisic acid","BP",2,"N0.HOG0006716 N0.HOG0016662","GO:0009737",17,"GO:0009737",4,"GO:0009737",2,"GO:0009737",4,"GO:0009737",4,"GO:0009737",3,"Any process that results in a change in state or activity of a cell or an organism (in terms of movement, secretion, enzyme production, gene expression, etc.) as a result of an abscisic acid stimulus."
"12","GO:0009738","abscisic acid-activated signaling pathway","BP",3,"N0.HOG0006716 N0.HOG0016662 N0.HOG0004918","GO:0009738",23,"GO:0009738",4,"GO:0009738",2,"GO:0009738",6,"GO:0009738",6,"GO:0009738",5,"The series of molecular signals generated by the binding of the plant hormone abscisic acid (ABA) to a receptor, and ending with modulation of a cellular process, e.g. transcription."
"13","GO:0010025","wax biosynthetic process","BP",1,"N0.HOG0016662","GO:0010025",7,"GO:0010025",1,"GO:0010025",1,"GO:0010025",2,"GO:0010025",2,"GO:0010025",1,"The chemical reactions and pathways resulting in the formation of wax, which includes C16 and C18 fatty acids."
"14","GO:0010150","leaf senescence","BP",1,"N0.HOG0016662","GO:0010150",7,"GO:0010150",1,"GO:0010150",1,"GO:0010150",2,"GO:0010150",2,"GO:0010150",1,"The last stage of leaf development during which programmed degradation of macromolecules and nutrient recycling take place."
"15","GO:0010508","positive regulation of autophagy","BP",1,"N0.HOG0016662","GO:0010508",7,"GO:0010508",1,"GO:0010508",1,"GO:0010508",2,"GO:0010508",2,"GO:0010508",1,"Any process that activates, maintains or increases the rate of autophagy. Autophagy is the process in which cells digest parts of their own cytoplasm."
"16","GO:0030148","sphingolipid biosynthetic process","BP",1,"N0.HOG0016662","GO:0030148",7,"GO:0030148",1,"GO:0030148",1,"GO:0030148",2,"GO:0030148",2,"GO:0030148",1,"The chemical reactions and pathways resulting in the formation of sphingolipids, any of a class of lipids containing the long-chain amine diol sphingosine or a closely related base (a sphingoid)."
"17","GO:0031667","response to nutrient levels","BP",1,"N0.HOG0016662","GO:0031667",7,"GO:0031667",1,"GO:0031667",1,"GO:0031667",2,"GO:0031667",2,"GO:0031667",1,"Any process that results in a change in state or activity of a cell or an organism (in terms of movement, secretion, enzyme production, gene expression, etc.) as a result of a stimulus reflecting the presence, absence, or concentration of nutrients."
"18","GO:0042742","defense response to bacterium","BP",1,"N0.HOG0016662","GO:0042742",7,"GO:0042742",1,"GO:0042742",1,"GO:0042742",2,"GO:0042742",2,"GO:0042742",1,"Reactions triggered in response to the presence of a bacterium that act to protect the cell or organism."
"19","GO:0090333","regulation of stomatal closure","BP",1,"N0.HOG0016662","GO:0090333",7,"GO:0090333",1,"GO:0090333",1,"GO:0090333",2,"GO:0090333",2,"GO:0090333",1,"Any process that modulates the rate, frequency, or extent of stomatal closure. Stomatal closure is the process of closing of stomata, pores in the epidermis of leaves and stems bordered by two guard cells and serving in gas exchange."
"20","GO:0098542","defense response to other organism","BP",1,"N0.HOG0016662","GO:0098542",7,"GO:0098542",1,"GO:0098542",1,"GO:0098542",2,"GO:0098542",2,"GO:0098542",1,"Reactions triggered in response to the presence of another organism that act to protect the cell or organism from damage caused by that organism."
"21","GO:0008150","biological_process","BP",3,"N0.HOG0008667 N0.HOG0008824 N0.HOG0005638","GO:0008150",25,"GO:0008150",9,"GO:0008150",2,"GO:0008150",5,"GO:0008150",6,"GO:0008150",3,"A biological process is the execution of a genetically-encoded biological module or program. It consists of all the steps required to achieve the specific biological objective of the module. A biological process is accomplished by a particular set of molecular functions carried out by specific gene products (or macromolecular complexes), often in a highly regulated manner and in a particular temporal sequence."
"22","GO:0006450","regulation of translational fidelity","BP",1,"N0.HOG0003448","GO:0006450",14,"GO:0006450",3,"GO:0006450",1,"GO:0006450",3,"GO:0006450",2,"GO:0006450",5,"Any process that modulates the ability of the translational apparatus to interpret the genetic code."
"23","GO:0051083","'de novo' cotranslational protein folding","BP",1,"N0.HOG0003448","GO:0051083",14,"GO:0051083",3,"GO:0051083",1,"GO:0051083",3,"GO:0051083",2,"GO:0051083",5,"The process of assisting in the correct noncovalent assembly of the ribosome-bound nascent chains of a multidomain protein whilst other parts of the protein are still being translated."
"24","GO:0006979","response to oxidative stress","BP",4,"N0.HOG0003389 N0.HOG0005130 N0.HOG0006402 N0.HOG0005709","GO:0006979",15,"GO:0006979",5,"GO:0006979",1,"GO:0006979",3,"GO:0006979",3,"GO:0006979",3,"Any process that results in a change in state or activity of a cell or an organism (in terms of movement, secretion, enzyme production, gene expression, etc.) as a result of oxidative stress, a state often resulting from exposure to high levels of reactive oxygen species, e.g. superoxide anions, hydrogen peroxide (H2O2), and hydroxyl radicals."
"25","GO:0098869","cellular oxidant detoxification","BP",4,"N0.HOG0007161 N0.HOG0005249 N0.HOG0003389 N0.HOG0005709","GO:0098869",26,"GO:0098869",5,"GO:0098869",3,"GO:0098869",6,"GO:0098869",6,"GO:0098869",6,"Any process carried out at the cellular level that reduces or removes the toxicity superoxide radicals or hydrogen peroxide."
"26","GO:0000467","exonucleolytic trimming to generate mature 3'-end of 5.8S rRNA from tricistronic rRNA transcript (SSU-rRNA, 5.8S rRNA, LSU-rRNA)","BP",1,"N0.HOG0002038","GO:0000467",17,"GO:0000467",3,"GO:0000467",1,"GO:0000467",2,"GO:0000467",3,"GO:0000467",8,"Exonucleolytic digestion of a pre-rRNA molecule to generate the mature 3'-end of a 5.8S rRNA molecule derived from an originally tricistronic pre-rRNA transcript that contained the Small Subunit (SSU) rRNA, the 5.8S rRNA, and the Large Subunit (LSU) rRNA in that order from 5' to 3' along the primary transcript."
"27","GO:0006139","nucleobase-containing compound metabolic process","BP",1,"N0.HOG0002038","GO:0006139",17,"GO:0006139",3,"GO:0006139",1,"GO:0006139",2,"GO:0006139",3,"GO:0006139",8,"Any cellular metabolic process involving nucleobases, nucleosides, nucleotides and nucleic acids."
"28","GO:0006364","rRNA processing","BP",2,"N0.HOG0005638 N0.HOG0002038","GO:0006364",17,"GO:0006364",3,"GO:0006364",2,"GO:0006364",2,"GO:0006364",2,"GO:0006364",8,"Any process involved in the conversion of a primary ribosomal RNA (rRNA) transcript into one or more mature rRNA molecules."
"29","GO:0031047","regulatory ncRNA-mediated gene silencing","BP",1,"N0.HOG0002038","GO:0031047",16,"GO:0031047",3,"GO:0031047",1,"GO:0031047",2,"GO:0031047",2,"GO:0031047",8,"A process in which an regulatory non-coding RNA molecule reduces expression of target genes. This can occur pre-transcriptionally by assembly of heterochromatin and prevention of transcription or co- or post-transcriptionally by targeting RNAs for degradation or by interfering with splicing or translation. This process starts once the inhibitory RNA molecule has been transcribed, and includes processing of the RNA such as cleavage, modifications, transport from the nucleus to the cytoplasm, loading onto the RISC complex, and the effect on transcription or translation."
"30","GO:0043633","polyadenylation-dependent RNA catabolic process","BP",1,"N0.HOG0002038","GO:0043633",16,"GO:0043633",3,"GO:0043633",1,"GO:0043633",2,"GO:0043633",2,"GO:0043633",8,"The chemical reactions and pathways resulting in the breakdown of an RNA molecule, initiated by the enzymatic addition of a sequence of adenylyl residues (polyadenylation) at the 3'-end of the target RNA."
"31","GO:0080188","gene silencing by RNA-directed DNA methylation","BP",1,"N0.HOG0002038","GO:0080188",16,"GO:0080188",3,"GO:0080188",1,"GO:0080188",2,"GO:0080188",2,"GO:0080188",8,"A small RNA-based gene silencing process in which small interfering RNAs (siRNAs) guide DNA methylation to the siRNA-generating genomic loci and other loci that are homologous to the siRNAs for de novo DNA methylation. This results in a heterochromatin assembly, a chromatin conformation that is refractory to transcription. In general this process consists of three phases: biogenesis of siRNAs, scaffold RNA production, and the formation of the guiding complex that recruits de novo DNA methyltransferases to the target loci. Transposable elements are silenced by this mechanism."
"32","GO:0006574","valine catabolic process","BP",1,"N0.HOG0006679","GO:0006574",10,"GO:0006574",3,"GO:0006574",1,"GO:0006574",2,"GO:0006574",3,"GO:0006574",1,"The chemical reactions and pathways resulting in the breakdown of valine, 2-amino-3-methylbutanoic acid."
"33","GO:0009083","branched-chain amino acid catabolic process","BP",1,"N0.HOG0006679","GO:0009083",10,"GO:0009083",3,"GO:0009083",1,"GO:0009083",2,"GO:0009083",3,"GO:0009083",1,"The chemical reactions and pathways resulting in the breakdown of amino acids containing a branched carbon skeleton, comprising isoleucine, leucine and valine."
"34","GO:0009409","response to cold","BP",1,"N0.HOG0006679","GO:0009409",10,"GO:0009409",3,"GO:0009409",1,"GO:0009409",2,"GO:0009409",3,"GO:0009409",1,"Any process that results in a change in state or activity of a cell or an organism (in terms of movement, secretion, enzyme production, gene expression, etc.) as a result of a cold stimulus, a temperature stimulus below the optimal temperature for that organism."
"35","GO:0006397","mRNA processing","BP",1,"N0.HOG0006716","GO:0006397",10,"GO:0006397",3,"GO:0006397",1,"GO:0006397",2,"GO:0006397",2,"GO:0006397",2,"Any process involved in the conversion of a primary mRNA transcript into one or more mature mRNA(s) prior to translation into polypeptide."
"36","GO:0008380","RNA splicing","BP",1,"N0.HOG0006716","GO:0008380",10,"GO:0008380",3,"GO:0008380",1,"GO:0008380",2,"GO:0008380",2,"GO:0008380",2,"The process of removing sections of the primary RNA transcript to remove sequences not present in the mature form of the RNA and joining the remaining sections to form the mature form of the RNA."
"37","GO:0006508","proteolysis","BP",2,"N0.HOG0011623 N0.HOG0004931","GO:0006508",20,"GO:0006508",4,"GO:0006508",2,"GO:0006508",5,"GO:0006508",5,"GO:0006508",4,"The hydrolysis of proteins into smaller polypeptides and/or amino acids by cleavage of their peptide bonds."
"38","GO:0051603","proteolysis involved in protein catabolic process","BP",1,"N0.HOG0004931","GO:0051603",12,"GO:0051603",2,"GO:0051603",1,"GO:0051603",4,"GO:0051603",3,"GO:0051603",2,"The hydrolysis of a peptide bond or bonds within a protein as part of the chemical reactions and pathways resulting in the breakdown of a protein by individual cells."
"39","GO:0006779","porphyrin-containing compound biosynthetic process","BP",1,"N0.HOG0006402","GO:0006779",10,"GO:0006779",2,"GO:0006779",1,"GO:0006779",3,"GO:0006779",2,"GO:0006779",2,"The chemical reactions and pathways resulting in the formation of any member of a large group of derivatives or analogs of porphyrin. Porphyrin consists of a ring of four pyrrole nuclei linked each to the next at their alpha positions through a methine group."
"40","GO:0006783","heme biosynthetic process","BP",1,"N0.HOG0006402","GO:0006783",10,"GO:0006783",2,"GO:0006783",1,"GO:0006783",3,"GO:0006783",2,"GO:0006783",2,"The chemical reactions and pathways resulting in the formation of heme, any compound of iron complexed in a porphyrin (tetrapyrrole) ring, from less complex precursors."
"41","GO:0033014","tetrapyrrole biosynthetic process","BP",1,"N0.HOG0006402","GO:0033014",2,"GO:0033014",2,"GO:0033014",0,"GO:0033014",0,"GO:0033014",0,"GO:0033014",0,"The chemical reactions and pathways leading to the formation of tetrapyrroles, natural pigments containing four pyrrole rings joined by one-carbon units linking position 2 of one pyrrole ring to position 5 of the next."
"42","GO:0009788","negative regulation of abscisic acid-activated signaling pathway","BP",1,"N0.HOG0004918","GO:0009788",10,"GO:0009788",3,"GO:0009788",1,"GO:0009788",2,"GO:0009788",2,"GO:0009788",2,"Any process that stops, prevents, or reduces the frequency, rate or extent of abscisic acid (ABA) signaling."
"43","GO:0009939","positive regulation of gibberellic acid mediated signaling pathway","BP",1,"N0.HOG0004918","GO:0009939",4,"GO:0009939",3,"GO:0009939",1,"GO:0009939",0,"GO:0009939",0,"GO:0009939",0,"Any process that activates or increases the frequency, rate or extent of gibberellic acid mediated signaling activity."
"44","GO:0010030","positive regulation of seed germination","BP",1,"N0.HOG0004918","GO:0010030",10,"GO:0010030",3,"GO:0010030",1,"GO:0010030",2,"GO:0010030",2,"GO:0010030",2,"Any process that activates or increase the rate of seed germination."
"45","GO:0048838","release of seed from dormancy","BP",1,"N0.HOG0004918","GO:0048838",4,"GO:0048838",3,"GO:0048838",1,"GO:0048838",0,"GO:0048838",0,"GO:0048838",0,"The process in which the dormant state is broken in a seed. Dormancy is characterized by a suspension of physiological activity that can be reactivated upon release."
"46","GO:1902039","negative regulation of seed dormancy process","BP",1,"N0.HOG0004918","GO:1902039",4,"GO:1902039",3,"GO:1902039",1,"GO:1902039",0,"GO:1902039",0,"GO:1902039",0,NA
"47","GO:0007049","cell cycle","BP",1,"N0.HOG0007039","GO:0007049",10,"GO:0007049",3,"GO:0007049",1,"GO:0007049",2,"GO:0007049",2,"GO:0007049",2,"The progression of biochemical and morphological phases and events that occur in a cell during successive cell replication or nuclear replication events. Canonically, the cell cycle comprises the replication and segregation of genetic material followed by the division of the cell, but in endocycles or syncytial cells nuclear replication or nuclear division may not be followed by cell division."
"48","GO:0031028","septation initiation signaling","BP",1,"N0.HOG0007039","GO:0031028",10,"GO:0031028",3,"GO:0031028",1,"GO:0031028",2,"GO:0031028",2,"GO:0031028",2,"The series of molecular signals, mediated by the small GTPase Ras, that results in the initiation of contraction of the contractile ring, at the beginning of cytokinesis and cell division by septum formation. The pathway coordinates chromosome segregation with mitotic exit and cytokinesis."
"49","GO:0051301","cell division","BP",1,"N0.HOG0007039","GO:0051301",10,"GO:0051301",3,"GO:0051301",1,"GO:0051301",2,"GO:0051301",2,"GO:0051301",2,"The process resulting in division and partitioning of components of a cell to form more cells; may or may not be accompanied by the physical separation of a cell into distinct, individually membrane-bounded daughter cells."
"50","GO:0140281","positive regulation of mitotic division septum assembly","BP",1,"N0.HOG0007039","GO:0140281",10,"GO:0140281",3,"GO:0140281",1,"GO:0140281",2,"GO:0140281",2,"GO:0140281",2,NA
"51","GO:0006811","monoatomic ion transport","BP",1,"N0.HOG0004908","GO:0006811",12,"GO:0006811",3,"GO:0006811",1,"GO:0006811",4,"GO:0006811",2,"GO:0006811",2,"The directed movement of a monoatomic ion into, out of or within a cell, or between cells, by means of some agent such as a transporter or pore. Monatomic ions (also called simple ions) are ions consisting of exactly one atom."
"52","GO:1902600","proton transmembrane transport","BP",1,"N0.HOG0004908","GO:1902600",12,"GO:1902600",3,"GO:1902600",1,"GO:1902600",4,"GO:1902600",2,"GO:1902600",2,NA
"53","GO:0009058","biosynthetic process","BP",1,"N0.HOG0003607","GO:0009058",14,"GO:0009058",3,"GO:0009058",1,"GO:0009058",5,"GO:0009058",2,"GO:0009058",3,"The chemical reactions and pathways resulting in the formation of substances; typically the energy-requiring part of metabolism in which simpler substances are transformed into more complex ones."
"54","GO:0006629","lipid metabolic process","BP",2,"N0.HOG0002654 N0.HOG0009326","GO:0006629",24,"GO:0006629",4,"GO:0006629",2,"GO:0006629",10,"GO:0006629",5,"GO:0006629",3,"The chemical reactions and pathways involving lipids, compounds soluble in an organic solvent but not, or sparingly, in an aqueous solvent. Includes fatty acids; neutral fats, other fatty-acid esters, and soaps; long-chain (fatty) alcohols and waxes; sphingoids and other long-chain bases; glycolipids, phospholipids and sphingolipids; and carotenes, polyprenols, sterols, terpenes and other isoprenoids."
"55","GO:0006654","phosphatidic acid biosynthetic process","BP",1,"N0.HOG0002654","GO:0006654",15,"GO:0006654",3,"GO:0006654",1,"GO:0006654",6,"GO:0006654",3,"GO:0006654",2,"The chemical reactions and pathways resulting in the formation of phosphatidic acid, any derivative of glycerol phosphate in which both the remaining hydroxyl groups of the glycerol moiety are esterified with fatty acids."
"56","GO:0008610","lipid biosynthetic process","BP",1,"N0.HOG0002654","GO:0008610",15,"GO:0008610",3,"GO:0008610",1,"GO:0008610",6,"GO:0008610",3,"GO:0008610",2,"The chemical reactions and pathways resulting in the formation of lipids, compounds soluble in an organic solvent but not, or sparingly, in an aqueous solvent."
"57","GO:0016042","lipid catabolic process","BP",1,"N0.HOG0002654","GO:0016042",15,"GO:0016042",3,"GO:0016042",1,"GO:0016042",6,"GO:0016042",3,"GO:0016042",2,"The chemical reactions and pathways resulting in the breakdown of lipids, compounds soluble in an organic solvent but not, or sparingly, in an aqueous solvent."
"58","GO:0035556","intracellular signal transduction","BP",1,"N0.HOG0002654","GO:0035556",15,"GO:0035556",3,"GO:0035556",1,"GO:0035556",6,"GO:0035556",3,"GO:0035556",2,"The process in which a signal is passed on to downstream components within the cell, which become activated themselves to further propagate the signal and finally trigger a change in the function or state of the cell."
"59","GO:0048364","root development","BP",1,"N0.HOG0002654","GO:0048364",15,"GO:0048364",3,"GO:0048364",1,"GO:0048364",6,"GO:0048364",3,"GO:0048364",2,"The process whose specific outcome is the progression of the root over time, from its formation to the mature structure. The root is the water- and mineral-absorbing part of a plant which is usually underground, does not bear leaves, tends to grow downwards and is typically derived from the radicle of the embryo."
"60","GO:0000054","ribosomal subunit export from nucleus","BP",1,"N0.HOG0001029","GO:0000054",11,"GO:0000054",2,"GO:0000054",1,"GO:0000054",4,"GO:0000054",2,"GO:0000054",2,"The directed movement of a ribosomal subunit from the nucleus into the cytoplasm."
"61","GO:0006606","protein import into nucleus","BP",1,"N0.HOG0001029","GO:0006606",11,"GO:0006606",2,"GO:0006606",1,"GO:0006606",4,"GO:0006606",2,"GO:0006606",2,"The directed movement of a protein from the cytoplasm to the nucleus."
"62","GO:0006913","nucleocytoplasmic transport","BP",1,"N0.HOG0001029","GO:0006913",14,"GO:0006913",2,"GO:0006913",2,"GO:0006913",4,"GO:0006913",4,"GO:0006913",2,"The directed movement of molecules between the nucleus and the cytoplasm."
"63","GO:0015031","protein transport","BP",3,"N0.HOG0003137 N0.HOG0001029 N0.HOG0005487","GO:0015031",39,"GO:0015031",8,"GO:0015031",4,"GO:0015031",14,"GO:0015031",8,"GO:0015031",5,"The directed movement of proteins into, out of or within a cell, or between cells, by means of some agent such as a transporter or pore."
"64","GO:0046907","intracellular transport","BP",1,"N0.HOG0003137","GO:0046907",14,"GO:0046907",3,"GO:0046907",1,"GO:0046907",6,"GO:0046907",2,"GO:0046907",2,"The directed movement of substances within a cell."
"65","GO:0051028","mRNA transport","BP",1,"N0.HOG0003137","GO:0051028",14,"GO:0051028",3,"GO:0051028",1,"GO:0051028",6,"GO:0051028",2,"GO:0051028",2,"The directed movement of mRNA, messenger ribonucleic acid, into, out of or within a cell, or between cells, by means of some agent such as a transporter or pore."
"66","GO:0030091","protein repair","BP",1,"N0.HOG0005130","GO:0030091",6,"GO:0030091",2,"GO:0030091",0,"GO:0030091",2,"GO:0030091",1,"GO:0030091",1,"The process of restoring a protein to its original state after damage by such things as oxidation or spontaneous decomposition of residues."
"67","GO:0006865","amino acid transport","BP",1,"N0.HOG0001967","GO:0006865",12,"GO:0006865",3,"GO:0006865",1,"GO:0006865",4,"GO:0006865",2,"GO:0006865",2,"The directed movement of amino acids, organic acids containing one or more amino substituents, into, out of or within a cell, or between cells, by means of some agent such as a transporter or pore."
"68","GO:0006457","protein folding","BP",1,"N0.HOG0003362","GO:0006457",14,"GO:0006457",3,"GO:0006457",1,"GO:0006457",4,"GO:0006457",3,"GO:0006457",3,"The process of assisting in the covalent and noncovalent assembly of single chain polypeptides or multisubunit complexes into the correct tertiary structure."
"69","GO:0000463","maturation of LSU-rRNA from tricistronic rRNA transcript (SSU-rRNA, 5.8S rRNA, LSU-rRNA)","BP",1,"N0.HOG0002489","GO:0000463",16,"GO:0000463",1,"GO:0000463",2,"GO:0000463",4,"GO:0000463",5,"GO:0000463",4,"Any process involved in the maturation of a precursor Large SubUnit (LSU) ribosomal RNA (rRNA) molecule into a mature LSU-rRNA molecule from the pre-rRNA molecule originally produced as a tricistronic rRNA transcript that contains the Small Subunit (SSU) rRNA, 5.8S rRNA, and Large Subunit (LSU) in that order from 5' to 3' along the primary transcript."
"70","GO:0001708","cell fate specification","BP",1,"N0.HOG0007795","GO:0001708",9,"GO:0001708",2,"GO:0001708",1,"GO:0001708",3,"GO:0001708",2,"GO:0001708",1,"The cellular developmental process involved in cell fate commitment in which the cell is designated to follow a developmental path, unless they receive extrinsic cues that direct an alternative fate."
"71","GO:0009718","anthocyanin-containing compound biosynthetic process","BP",1,"N0.HOG0007795","GO:0009718",9,"GO:0009718",2,"GO:0009718",1,"GO:0009718",3,"GO:0009718",2,"GO:0009718",1,"The chemical reactions and pathways resulting in the formation of anthocyanins, any member of a group of intensely colored soluble glycosides of anthocyanidins."
"72","GO:0016192","vesicle-mediated transport","BP",1,"N0.HOG0007795","GO:0016192",9,"GO:0016192",2,"GO:0016192",1,"GO:0016192",3,"GO:0016192",2,"GO:0016192",1,"A cellular transport process in which transported substances are moved in membrane-bounded vesicles; transported substances are enclosed in the vesicle lumen or located in the vesicle membrane. The process begins with a step that directs a substance to the forming vesicle, and includes vesicle budding and coating. Vesicles are then targeted to, and fuse with, an acceptor membrane."
"73","GO:0044090","positive regulation of vacuole organization","BP",1,"N0.HOG0007795","GO:0044090",9,"GO:0044090",2,"GO:0044090",1,"GO:0044090",3,"GO:0044090",2,"GO:0044090",1,"Any process that activates or increases the frequency, rate or extent of a process involved in the formation, arrangement of constituent parts, or disassembly of a vacuole."
"74","GO:1903415","flavonoid transport from endoplasmic reticulum to plant-type vacuole","BP",1,"N0.HOG0007795","GO:1903415",9,"GO:1903415",2,"GO:1903415",1,"GO:1903415",3,"GO:1903415",2,"GO:1903415",1,NA
"75","GO:0006631","fatty acid metabolic process","BP",1,"N0.HOG0009326","GO:0006631",9,"GO:0006631",1,"GO:0006631",1,"GO:0006631",4,"GO:0006631",2,"GO:0006631",1,"The chemical reactions and pathways involving fatty acids, aliphatic monocarboxylic acids liberated from naturally occurring fats and oils by hydrolysis."
"76","GO:0006637","acyl-CoA metabolic process","BP",1,"N0.HOG0009326","GO:0006637",9,"GO:0006637",1,"GO:0006637",1,"GO:0006637",4,"GO:0006637",2,"GO:0006637",1,"The chemical reactions and pathways involving acyl-CoA, any derivative of coenzyme A in which the sulfhydryl group is in thiolester linkage with an acyl group."
"77","GO:0051289","protein homotetramerization","BP",2,"N0.HOG0013699 N0.HOG0009326","GO:0051289",17,"GO:0051289",2,"GO:0051289",2,"GO:0051289",6,"GO:0051289",4,"GO:0051289",3,"The formation of a protein homotetramer, a macromolecular structure consisting of four noncovalently associated identical subunits."
"78","GO:0008299","isoprenoid biosynthetic process","BP",1,"N0.HOG0013699","GO:0008299",8,"GO:0008299",1,"GO:0008299",1,"GO:0008299",2,"GO:0008299",2,"GO:0008299",2,"The chemical reactions and pathways resulting in the formation of an isoprenoid compound, isoprene (2-methylbuta-1,3-diene) or compounds containing or derived from linked isoprene (3-methyl-2-butenylene) residues."
"79","GO:0016117","carotenoid biosynthetic process","BP",1,"N0.HOG0013699","GO:0016117",8,"GO:0016117",1,"GO:0016117",1,"GO:0016117",2,"GO:0016117",2,"GO:0016117",2,"The chemical reactions and pathways resulting in the formation of carotenoids, tetraterpenoid compounds in which two units of 4 isoprenoid residues joined head-to-tail are themselves joined tail-to-tail."
"80","GO:0016120","carotene biosynthetic process","BP",1,"N0.HOG0013699","GO:0016120",8,"GO:0016120",1,"GO:0016120",1,"GO:0016120",2,"GO:0016120",2,"GO:0016120",2,"The chemical reactions and pathways resulting in the formation of carotenes, hydrocarbon carotenoids."
"81","GO:0006511","ubiquitin-dependent protein catabolic process","BP",3,"N0.HOG0005487 N0.HOG0009630 N0.HOG0006601","GO:0006511",21,"GO:0006511",6,"GO:0006511",2,"GO:0006511",6,"GO:0006511",5,"GO:0006511",2,"The chemical reactions and pathways resulting in the breakdown of a protein or peptide by hydrolysis of its peptide bonds, initiated by the covalent attachment of a ubiquitin group, or multiple ubiquitin groups, to the protein."
"82","GO:0008643","carbohydrate transport","BP",1,"N0.HOG0001126","GO:0008643",11,"GO:0008643",1,"GO:0008643",1,"GO:0008643",3,"GO:0008643",3,"GO:0008643",3,"The directed movement of carbohydrate into, out of or within a cell, or between cells, by means of some agent such as a transporter or pore. Carbohydrates are a group of organic compounds based of the general formula Cx(H2O)y."
"83","GO:0034219","carbohydrate transmembrane transport","BP",1,"N0.HOG0001126","GO:0034219",11,"GO:0034219",1,"GO:0034219",1,"GO:0034219",3,"GO:0034219",3,"GO:0034219",3,"The process in which a carbohydrate is transported across a membrane."
"84","GO:0009636","response to toxic substance","BP",2,"N0.HOG0005249 N0.HOG0001933","GO:0009636",12,"GO:0009636",1,"GO:0009636",1,"GO:0009636",4,"GO:0009636",3,"GO:0009636",3,"Any process that results in a change in state or activity of a cell or an organism (in terms of movement, secretion, enzyme production, gene expression, etc.) as a result of a toxic stimulus."
"85","GO:0010731","protein glutathionylation","BP",1,"N0.HOG0005249","GO:0010731",11,"GO:0010731",1,"GO:0010731",1,"GO:0010731",4,"GO:0010731",2,"GO:0010731",3,"The protein modification process in which a glutathione molecule is added to a protein amino acid through a disulfide linkage."
"86","GO:0019852","L-ascorbic acid metabolic process","BP",1,"N0.HOG0005249","GO:0019852",11,"GO:0019852",1,"GO:0019852",1,"GO:0019852",4,"GO:0019852",2,"GO:0019852",3,"The chemical reactions and pathways involving L-ascorbic acid, (2R)-2-[(1S)-1,2-dihydroxyethyl]-4-hydroxy-5-oxo-2,5-dihydrofuran-3-olate; L-ascorbic acid is vitamin C and has co-factor and anti-oxidant activities in many species."
"87","GO:0033355","ascorbate glutathione cycle","BP",1,"N0.HOG0005249","GO:0033355",11,"GO:0033355",1,"GO:0033355",1,"GO:0033355",4,"GO:0033355",2,"GO:0033355",3,"A cyclic series of interconversions involving L-ascorbate and glutathione that scavenges hydrogen peroxide and reduces it to water, with concomitant oxidation of NADPH."
"88","GO:0042221","response to chemical","BP",1,"N0.HOG0005249","GO:0042221",11,"GO:0042221",1,"GO:0042221",1,"GO:0042221",4,"GO:0042221",2,"GO:0042221",3,"Any process that results in a change in state or activity of a cell or an organism (in terms of movement, secretion, enzyme production, gene expression, etc.) as a result of a chemical stimulus."
"89","GO:0080151","positive regulation of salicylic acid mediated signaling pathway","BP",1,"N0.HOG0005249","GO:0080151",11,"GO:0080151",1,"GO:0080151",1,"GO:0080151",4,"GO:0080151",2,"GO:0080151",3,"Any process that activates or increases the frequency, rate or extent of salicylic acid mediated signal transduction."
"90","GO:0140547","acquisition of seed longevity","BP",1,"N0.HOG0005249","GO:0140547",11,"GO:0140547",1,"GO:0140547",1,"GO:0140547",4,"GO:0140547",2,"GO:0140547",3,NA
"91","GO:0010336","gibberellic acid homeostasis","BP",1,"N0.HOG0004518","GO:0010336",12,"GO:0010336",3,"GO:0010336",1,"GO:0010336",3,"GO:0010336",4,"GO:0010336",1,"Any biological process involved in the maintenance of an internal steady state of gibberellic acid; may involve transport, biosynthesis, catabolism or conjugation."
"92","GO:0042128","nitrate assimilation","BP",1,"N0.HOG0004518","GO:0042128",12,"GO:0042128",3,"GO:0042128",1,"GO:0042128",3,"GO:0042128",4,"GO:0042128",1,"The nitrogen metabolic process that encompasses the uptake of nitrate from the environment and reduction to ammonia, and results in the incorporation of nitrogen derived from nitrate into cellular substances."
"93","GO:0009414","response to water deprivation","BP",1,"N0.HOG0011623","GO:0009414",6,"GO:0009414",2,"GO:0009414",1,"GO:0009414",1,"GO:0009414",1,"GO:0009414",1,"Any process that results in a change in state or activity of a cell or an organism (in terms of movement, secretion, enzyme production, gene expression, etc.) as a result of a water deprivation stimulus, prolonged deprivation of water."
"94","GO:0010038","response to metal ion","BP",1,"N0.HOG0011623","GO:0010038",6,"GO:0010038",2,"GO:0010038",1,"GO:0010038",1,"GO:0010038",1,"GO:0010038",1,"Any process that results in a change in state or activity of a cell or an organism (in terms of movement, secretion, enzyme production, gene expression, etc.) as a result of a metal ion stimulus."
"95","GO:1902074","response to salt","BP",1,"N0.HOG0011623","GO:1902074",6,"GO:1902074",2,"GO:1902074",1,"GO:1902074",1,"GO:1902074",1,"GO:1902074",1,NA
"96","GO:0016567","protein ubiquitination","BP",2,"N0.HOG0009630 N0.HOG0006601","GO:0016567",10,"GO:0016567",3,"GO:0016567",1,"GO:0016567",2,"GO:0016567",3,"GO:0016567",1,"The process in which one or more ubiquitin groups are added to a protein."
"97","GO:0034599","cellular response to oxidative stress","BP",1,"N0.HOG0007161","GO:0034599",8,"GO:0034599",3,"GO:0034599",1,"GO:0034599",1,"GO:0034599",2,"GO:0034599",1,"Any process that results in a change in state or activity of a cell (in terms of movement, secretion, enzyme production, gene expression, etc.) as a result of oxidative stress, a state often resulting from exposure to high levels of reactive oxygen species, e.g. superoxide anions, hydrogen peroxide (H2O2), and hydroxyl radicals."
"98","GO:0042744","hydrogen peroxide catabolic process","BP",2,"N0.HOG0007161 N0.HOG0005709","GO:0042744",9,"GO:0042744",3,"GO:0042744",1,"GO:0042744",1,"GO:0042744",2,"GO:0042744",2,"The chemical reactions and pathways resulting in the breakdown of hydrogen peroxide (H2O2)."
"99","GO:0045454","cell redox homeostasis","BP",1,"N0.HOG0007161","GO:0045454",8,"GO:0045454",3,"GO:0045454",1,"GO:0045454",1,"GO:0045454",2,"GO:0045454",1,"Any process that maintains the redox environment of a cell or compartment within a cell."
"100","GO:0002181","cytoplasmic translation","BP",1,"N0.HOG0001264","GO:0002181",17,"GO:0002181",0,"GO:0002181",2,"GO:0002181",7,"GO:0002181",4,"GO:0002181",4,"The chemical reactions and pathways resulting in the formation of a protein in the cytoplasm. This is a ribosome-mediated process in which the information in messenger RNA (mRNA) is used to specify the sequence of amino acids in the protein."
"101","GO:0006413","translational initiation","BP",1,"N0.HOG0005130","GO:0006413",5,"GO:0006413",0,"GO:0006413",1,"GO:0006413",2,"GO:0006413",1,"GO:0006413",1,"The process preceding formation of the peptide bond between the first two amino acids of a protein. This includes the formation of a complex of the ribosome, mRNA or circRNA, and an initiation complex that contains the first aminoacyl-tRNA."
"102","GO:0042254","ribosome biogenesis","BP",1,"N0.HOG0005638","GO:0042254",1,"GO:0042254",0,"GO:0042254",1,"GO:0042254",0,"GO:0042254",0,"GO:0042254",0,"A cellular process that results in the biosynthesis of constituent macromolecules, assembly, and arrangement of constituent parts of ribosome subunits; includes transport to the sites of protein synthesis."
"103","GO:0048366","leaf development","BP",2,"N0.HOG0005638 N0.HOG0006011","GO:0048366",2,"GO:0048366",0,"GO:0048366",1,"GO:0048366",0,"GO:0048366",1,"GO:0048366",0,"The process whose specific outcome is the progression of the leaf over time, from its formation to the mature structure."
"104","GO:0048825","cotyledon development","BP",1,"N0.HOG0005638","GO:0048825",1,"GO:0048825",0,"GO:0048825",1,"GO:0048825",0,"GO:0048825",0,"GO:0048825",0,"The process whose specific outcome is the progression of the cotyledon over time, from its formation to the mature structure. The cotyledon is the modified leaf (seed leaf), found as part of the embryo in plant seeds. It is involved in either storage or absorption of food reserves. Dicotyledonous seeds contain two cotyledons, while monocotyledonous seeds contain only one. The cotyledons may appear above ground and show photosynthetic activity in the seedling."
"105","GO:0090070","positive regulation of ribosome biogenesis","BP",1,"N0.HOG0005638","GO:0090070",1,"GO:0090070",0,"GO:0090070",1,"GO:0090070",0,"GO:0090070",0,"GO:0090070",0,"Any process that increases the rate, frequency or extent of ribosome biogenesis. Ribosome biogenesis is the cellular process that results in the biosynthesis of constituent macromolecules, assembly, and arrangement of constituent parts of ribosome subunits."
"106","GO:2000012","regulation of auxin polar transport","BP",1,"N0.HOG0005638","GO:2000012",1,"GO:2000012",0,"GO:2000012",1,"GO:2000012",0,"GO:2000012",0,"GO:2000012",0,NA
"107","GO:0010468","regulation of gene expression","BP",1,"N0.HOG0003710","GO:0010468",5,"GO:0010468",0,"GO:0010468",0,"GO:0010468",2,"GO:0010468",2,"GO:0010468",1,"Any process that modulates the frequency, rate or extent of gene expression. Gene expression is the process in which a gene's coding sequence is converted into a mature gene product (protein or RNA)."
"108","GO:0010233","phloem transport","BP",1,"N0.HOG0004459","GO:0010233",2,"GO:0010233",0,"GO:0010233",0,"GO:0010233",2,"GO:0010233",0,"GO:0010233",0,"The directed movement of substances, into, out of or within the phloem during long distance transport between source and sink tissues."
"109","GO:0033500","carbohydrate homeostasis","BP",1,"N0.HOG0004459","GO:0033500",2,"GO:0033500",0,"GO:0033500",0,"GO:0033500",2,"GO:0033500",0,"GO:0033500",0,"A homeostatic process involved in the maintenance of an internal steady state of a carbohydrate within an organism or cell."
"110","GO:0042631","cellular response to water deprivation","BP",1,"N0.HOG0004459","GO:0042631",1,"GO:0042631",0,"GO:0042631",0,"GO:0042631",1,"GO:0042631",0,"GO:0042631",0,"Any process that results in a change in state or activity of a cell (in terms of movement, secretion, enzyme production, gene expression, etc.) as a result of deprivation of water."
"111","GO:0071035","nuclear polyadenylation-dependent rRNA catabolic process","BP",1,"N0.HOG0002038","GO:0071035",1,"GO:0071035",0,"GO:0071035",0,"GO:0071035",0,"GO:0071035",1,"GO:0071035",0,"The chemical reactions and pathways occurring in the nucleus and resulting in the breakdown of a ribosomal RNA (rRNA) molecule, including RNA fragments released as part of processing the primary transcript into multiple mature rRNA species, initiated by the enzymatic addition of a sequence of adenylyl residues (polyadenylation) at the 3' end the target rRNA."
"112","GO:0071036","nuclear polyadenylation-dependent snoRNA catabolic process","BP",1,"N0.HOG0002038","GO:0071036",1,"GO:0071036",0,"GO:0071036",0,"GO:0071036",0,"GO:0071036",1,"GO:0071036",0,"The chemical reactions and pathways occurring in the nucleus and resulting in the breakdown of a small nucleolar RNA (snoRNA) molecule, initiated by the enzymatic addition of a sequence of adenylyl residues (polyadenylation) at the 3' end the target snoRNA."
"113","GO:0071037","nuclear polyadenylation-dependent snRNA catabolic process","BP",1,"N0.HOG0002038","GO:0071037",1,"GO:0071037",0,"GO:0071037",0,"GO:0071037",0,"GO:0071037",1,"GO:0071037",0,"The chemical reactions and pathways occurring in the nucleus and resulting in the breakdown of a small nuclear RNA (snRNA) molecule, initiated by the enzymatic addition of a sequence of adenylyl residues (polyadenylation) at the 3' end the target snRNA."
"114","GO:0071038","nuclear polyadenylation-dependent tRNA catabolic process","BP",1,"N0.HOG0002038","GO:0071038",1,"GO:0071038",0,"GO:0071038",0,"GO:0071038",0,"GO:0071038",1,"GO:0071038",0,"The chemical reactions and pathways occurring in the nucleus and resulting in the breakdown of an aberrant or incorrectly modified transfer RNA (tRNA) molecule, initiated by the enzymatic addition of a sequence of adenylyl residues (polyadenylation) at the 3' end the target tRNA."
"115","GO:0071039","nuclear polyadenylation-dependent CUT catabolic process","BP",1,"N0.HOG0002038","GO:0071039",1,"GO:0071039",0,"GO:0071039",0,"GO:0071039",0,"GO:0071039",1,"GO:0071039",0,"The chemical reactions and pathways occurring in the nucleus and resulting in the breakdown of a cryptic unstable transcript (CUT), initiated by the enzymatic addition of a sequence of adenylyl residues (polyadenylation) at the 3' end the target CUT."
"116","GO:0071040","nuclear polyadenylation-dependent antisense transcript catabolic process","BP",1,"N0.HOG0002038","GO:0071040",1,"GO:0071040",0,"GO:0071040",0,"GO:0071040",0,"GO:0071040",1,"GO:0071040",0,"The chemical reactions and pathways occurring in the nucleus and resulting in the breakdown of an antisense transcript, initiated by the enzymatic addition of a sequence of adenylyl residues (polyadenylation) at the 3' end the target antisense transcript."
"117","GO:0071044","histone mRNA catabolic process","BP",1,"N0.HOG0002038","GO:0071044",1,"GO:0071044",0,"GO:0071044",0,"GO:0071044",0,"GO:0071044",1,"GO:0071044",0,"The chemical reactions and pathways resulting in the breakdown of histone messenger RNA (mRNA)."
"118","GO:0071051","polyadenylation-dependent snoRNA 3'-end processing","BP",1,"N0.HOG0002038","GO:0071051",1,"GO:0071051",0,"GO:0071051",0,"GO:0071051",0,"GO:0071051",1,"GO:0071051",0,"Any process involved in forming the mature 3' end of a snoRNA molecule linked to prior polyadenylation of the 3'-end of the precursor snoRNA."
"119","GO:0000302","response to reactive oxygen species","BP",1,"N0.HOG0006011","GO:0000302",1,"GO:0000302",0,"GO:0000302",0,"GO:0000302",0,"GO:0000302",1,"GO:0000302",0,"Any process that results in a change in state or activity of a cell or an organism (in terms of movement, secretion, enzyme production, gene expression, etc.) as a result of a reactive oxygen species stimulus. Reactive oxygen species include singlet oxygen, superoxide, and oxygen free radicals."
"120","GO:0009648","photoperiodism","BP",1,"N0.HOG0006011","GO:0009648",1,"GO:0009648",0,"GO:0009648",0,"GO:0009648",0,"GO:0009648",1,"GO:0009648",0,"Any process that results in a change in state or activity of an organism (in terms of movement, secretion, enzyme production, gene expression, etc.) as a result of detection of, or exposure to, a period of light or dark of a given length, measured relative to a particular duration known as the 'critical day length'. The critical day length varies between species."
"121","GO:0009793","embryo development ending in seed dormancy","BP",2,"N0.HOG0006011 N0.HOG0009205","GO:0009793",2,"GO:0009793",0,"GO:0009793",0,"GO:0009793",0,"GO:0009793",1,"GO:0009793",1,"The process whose specific outcome is the progression of the embryo over time, from zygote formation to the end of seed dormancy. An example of this process is found in Arabidopsis thaliana."
"122","GO:0006120","mitochondrial electron transport, NADH to ubiquinone","BP",1,"N0.HOG0017033","GO:0006120",2,"GO:0006120",0,"GO:0006120",0,"GO:0006120",0,"GO:0006120",2,"GO:0006120",0,"The transfer of electrons from NADH to ubiquinone that occurs during oxidative phosphorylation."
"123","GO:0032981","mitochondrial respiratory chain complex I assembly","BP",1,"N0.HOG0017033","GO:0032981",2,"GO:0032981",0,"GO:0032981",0,"GO:0032981",0,"GO:0032981",2,"GO:0032981",0,"The aggregation, arrangement and bonding together of a set of components to form mitochondrial respiratory chain complex I."
"124","GO:0006805","xenobiotic metabolic process","BP",1,"N0.HOG0001933","GO:0006805",1,"GO:0006805",0,"GO:0006805",0,"GO:0006805",0,"GO:0006805",1,"GO:0006805",0,"The chemical reactions and pathways involving a xenobiotic compound, a compound foreign to the organim exposed to it. It may be synthesized by another organism (like ampicilin) or it can be a synthetic chemical."
"125","GO:0009809","lignin biosynthetic process","BP",1,"N0.HOG0001933","GO:0009809",1,"GO:0009809",0,"GO:0009809",0,"GO:0009809",0,"GO:0009809",1,"GO:0009809",0,"The chemical reactions and pathways resulting in the formation of lignins, a class of polymers formed by the dehydrogenetive radical polymerization of various phenylpropanoid monomers."
"126","GO:0042178","xenobiotic catabolic process","BP",1,"N0.HOG0001933","GO:0042178",1,"GO:0042178",0,"GO:0042178",0,"GO:0042178",0,"GO:0042178",1,"GO:0042178",0,"The chemical reactions and pathways resulting in the breakdown of a xenobiotic compound, a compound foreign to the organim exposed to it. It may be synthesized by another organism (like ampicilin) or it can be a synthetic chemical."
"127","GO:0006325","chromatin organization","BP",1,"N0.HOG0003448","GO:0006325",2,"GO:0006325",0,"GO:0006325",0,"GO:0006325",0,"GO:0006325",0,"GO:0006325",2,"The assembly or remodeling of chromatin composed of DNA complexed with histones, other associated proteins, and sometimes RNA."
"128","GO:0045893","positive regulation of DNA-templated transcription","BP",2,"N0.HOG0008949 N0.HOG0003448","GO:0045893",3,"GO:0045893",0,"GO:0045893",0,"GO:0045893",0,"GO:0045893",0,"GO:0045893",3,"Any process that activates or increases the frequency, rate or extent of cellular DNA-templated transcription."
"129","GO:0009960","endosperm development","BP",1,"N0.HOG0009205","GO:0009960",1,"GO:0009960",0,"GO:0009960",0,"GO:0009960",0,"GO:0009960",0,"GO:0009960",1,"The process whose specific outcome is the progression of the endosperm over time, from its formation to the mature structure. The endosperm is formed during fertilization and provides nutrients to the developing embryo."
"130","GO:0005840","ribosome","CC",8,"N0.HOG0002489 N0.HOG0002924 N0.HOG0001278 N0.HOG0001401 N0.HOG0001787 N0.HOG0006269 N0.HOG0001264 N0.HOG0001810","GO:0005840",121,"GO:0005840",24,"GO:0005840",12,"GO:0005840",35,"GO:0005840",29,"GO:0005840",21,"An intracellular organelle, about 200 A in diameter, consisting of RNA and protein. It is the site of protein biosynthesis resulting from translation of messenger RNA (mRNA). It consists of two subunits, one large and one small, each containing only protein and RNA. Both the ribosome and its subunits are characterized by their sedimentation coefficients, expressed in Svedberg units (symbol: S). Hence, the prokaryotic ribosome (70S) comprises a large (50S) subunit and a small (30S) subunit, while the eukaryotic ribosome (80S) comprises a large (60S) subunit and a small (40S) subunit. Two sites on the ribosomal large subunit are involved in translation, namely the aminoacyl site (A site) and peptidyl site (P site). Ribosomes from prokaryotes, eukaryotes, mitochondria, and chloroplasts have characteristically distinct ribosomal proteins."
"131","GO:0015934","large ribosomal subunit","CC",1,"N0.HOG0001264","GO:0015934",21,"GO:0015934",4,"GO:0015934",2,"GO:0015934",7,"GO:0015934",4,"GO:0015934",4,"The larger of the two subunits of a ribosome. Two sites on the ribosomal large subunit are involved in translation, namely the aminoacyl site (A site) and peptidyl site (P site)."
"132","GO:1990904","ribonucleoprotein complex","CC",8,"N0.HOG0002489 N0.HOG0002924 N0.HOG0001278 N0.HOG0001401 N0.HOG0001787 N0.HOG0006269 N0.HOG0001264 N0.HOG0001810","GO:1990904",121,"GO:1990904",24,"GO:1990904",12,"GO:1990904",35,"GO:1990904",29,"GO:1990904",21,NA
"133","GO:0005737","cytoplasm","CC",16,"N0.HOG0007161 N0.HOG0005638 N0.HOG0004918 N0.HOG0016549 N0.HOG0005249 N0.HOG0002038 N0.HOG0003448 N0.HOG0003362 N0.HOG0001787 N0.HOG0001029 N0.HOG0005487 N0.HOG0011623 N0.HOG0008824 N0.HOG0004931 N0.HOG0003710 N0.HOG0005130","GO:0005737",158,"GO:0005737",34,"GO:0005737",16,"GO:0005737",40,"GO:0005737",35,"GO:0005737",33,"The contents of a cell excluding the plasma membrane and nucleus, but including other subcellular structures."
"134","GO:0009507","chloroplast","CC",9,"N0.HOG0004908 N0.HOG0007161 N0.HOG0016549 N0.HOG0013699 N0.HOG0006402 N0.HOG0011623 N0.HOG0006011 N0.HOG0005632 N0.HOG0009205","GO:0009507",66,"GO:0009507",15,"GO:0009507",7,"GO:0009507",16,"GO:0009507",15,"GO:0009507",13,"A chlorophyll-containing plastid with thylakoids organized into grana and frets, or stroma thylakoids, and embedded in a stroma."
"135","GO:0009536","plastid","CC",8,"N0.HOG0002924 N0.HOG0007161 N0.HOG0016549 N0.HOG0013699 N0.HOG0006679 N0.HOG0006402 N0.HOG0006011 N0.HOG0005632","GO:0009536",70,"GO:0009536",16,"GO:0009536",7,"GO:0009536",17,"GO:0009536",17,"GO:0009536",13,"Any member of a family of organelles found in the cytoplasm of plants and some protists, which are membrane-bounded and contain DNA. Plant plastids develop from a common type, the proplastid."
"136","GO:0009941","chloroplast envelope","CC",2,"N0.HOG0016549 N0.HOG0006011","GO:0009941",8,"GO:0009941",1,"GO:0009941",1,"GO:0009941",2,"GO:0009941",3,"GO:0009941",1,"The double lipid bilayer enclosing the chloroplast and separating its contents from the rest of the cytoplasm; includes the intermembrane space."
"137","GO:0016020","membrane","CC",16,"N0.HOG0004908 N0.HOG0004518 N0.HOG0003607 N0.HOG0001126 N0.HOG0007795 N0.HOG0004918 N0.HOG0016549 N0.HOG0001967 N0.HOG0013699 N0.HOG0009205 N0.HOG0008949 N0.HOG0013385 N0.HOG0005487 N0.HOG0016662 N0.HOG0006011 N0.HOG0005709","GO:0016020",139,"GO:0016020",36,"GO:0016020",15,"GO:0016020",36,"GO:0016020",31,"GO:0016020",21,"A lipid bilayer along with all the proteins and protein complexes embedded in it and attached to it."
"138","GO:0031969","chloroplast membrane","CC",2,"N0.HOG0016549 N0.HOG0006011","GO:0031969",17,"GO:0031969",4,"GO:0031969",2,"GO:0031969",4,"GO:0031969",4,"GO:0031969",3,"Either of the lipid bilayers that surround a chloroplast and form the chloroplast envelope."
"139","GO:0043231","intracellular membrane-bounded organelle","CC",1,"N0.HOG0016549","GO:0043231",7,"GO:0043231",1,"GO:0043231",1,"GO:0043231",2,"GO:0043231",2,"GO:0043231",1,"Organized structure of distinctive morphology and function, bounded by a single or double lipid bilayer membrane and occurring within the cell. Includes the nucleus, mitochondria, plastids, vacuoles, and vesicles. Excludes the plasma membrane."
"140","GO:0000139","Golgi membrane","CC",3,"N0.HOG0007795 N0.HOG0005487 N0.HOG0016662","GO:0000139",27,"GO:0000139",6,"GO:0000139",3,"GO:0000139",9,"GO:0000139",6,"GO:0000139",3,"The lipid bilayer surrounding any of the compartments of the Golgi apparatus."
"141","GO:0005634","nucleus","CC",13,"N0.HOG0005638 N0.HOG0004918 N0.HOG0006716 N0.HOG0002038 N0.HOG0003137 N0.HOG0001029 N0.HOG0016662 N0.HOG0008824 N0.HOG0004931 N0.HOG0006601 N0.HOG0004459 N0.HOG0008949 N0.HOG0003448","GO:0005634",99,"GO:0005634",20,"GO:0005634",10,"GO:0005634",25,"GO:0005634",21,"GO:0005634",23,"A membrane-bounded organelle of eukaryotic cells in which chromosomes are housed and replicated. In most cells, the nucleus contains all of the cell's chromosomes except the organellar chromosomes, and is the site of RNA synthesis and processing. In some species, or in specialized cell types, RNA metabolism or DNA replication may be absent."
"142","GO:0005783","endoplasmic reticulum","CC",5,"N0.HOG0009205 N0.HOG0006269 N0.HOG0013385 N0.HOG0016662 N0.HOG0003448","GO:0005783",39,"GO:0005783",10,"GO:0005783",4,"GO:0005783",11,"GO:0005783",9,"GO:0005783",5,"The irregular network of unit membranes, visible only by electron microscopy, that occurs in the cytoplasm of many eukaryotic cells. The membranes form a complex meshwork of tubular channels, which are often expanded into slitlike cavities called cisternae. The ER takes two forms, rough (or granular), with ribosomes adhering to the outer surface, and smooth (with no ribosomes attached)."
"143","GO:0005789","endoplasmic reticulum membrane","CC",2,"N0.HOG0009205 N0.HOG0016662","GO:0005789",15,"GO:0005789",4,"GO:0005789",2,"GO:0005789",4,"GO:0005789",4,"GO:0005789",1,"The lipid bilayer surrounding the endoplasmic reticulum."
"144","GO:0005794","Golgi apparatus","CC",6,"N0.HOG0004908 N0.HOG0005632 N0.HOG0007795 N0.HOG0013385 N0.HOG0005487 N0.HOG0016662","GO:0005794",53,"GO:0005794",15,"GO:0005794",6,"GO:0005794",15,"GO:0005794",10,"GO:0005794",7,"A membrane-bound cytoplasmic organelle of the endomembrane system that further processes the core oligosaccharides (e.g. N-glycans) added to proteins in the endoplasmic reticulum and packages them into membrane-bound vesicles. The Golgi apparatus operates at the intersection of the secretory, lysosomal, and endocytic pathways."
"145","GO:0005829","cytosol","CC",14,"N0.HOG0004908 N0.HOG0005632 N0.HOG0005638 N0.HOG0005249 N0.HOG0003362 N0.HOG0001787 N0.HOG0011623 N0.HOG0001810 N0.HOG0004931 N0.HOG0013052 N0.HOG0008947 N0.HOG0006269 N0.HOG0003448 N0.HOG0006011","GO:0005829",137,"GO:0005829",33,"GO:0005829",13,"GO:0005829",35,"GO:0005829",31,"GO:0005829",25,"The part of the cytoplasm that does not contain organelles but which does contain other particulate matter, such as protein complexes."
"146","GO:0005730","nucleolus","CC",4,"N0.HOG0002924 N0.HOG0005638 N0.HOG0006716 N0.HOG0002038","GO:0005730",41,"GO:0005730",9,"GO:0005730",4,"GO:0005730",8,"GO:0005730",7,"GO:0005730",13,"A small, dense body one or more of which are present in the nucleus of eukaryotic cells. It is rich in RNA and protein, is not bounded by a limiting membrane, and is not seen during mitosis. Its prime function is the transcription of the nucleolar DNA into 45S ribosomal-precursor RNA, the processing of this RNA into 5.8S, 18S, and 28S components of ribosomal RNA, and the association of these components with 5S RNA and proteins synthesized outside the nucleolus. This association results in the formation of ribonucleoprotein precursors; these pass into the cytoplasm and mature into the 40S and 60S subunits of the ribosome."
"147","GO:0022625","cytosolic large ribosomal subunit","CC",6,"N0.HOG0002489 N0.HOG0002924 N0.HOG0001278 N0.HOG0001401 N0.HOG0006269 N0.HOG0001264","GO:0022625",81,"GO:0022625",12,"GO:0022625",8,"GO:0022625",27,"GO:0022625",18,"GO:0022625",16,"The large subunit of a ribosome located in the cytosol."
"148","GO:0022627","cytosolic small ribosomal subunit","CC",2,"N0.HOG0001787 N0.HOG0001810","GO:0022627",35,"GO:0022627",8,"GO:0022627",4,"GO:0022627",8,"GO:0022627",10,"GO:0022627",5,"The small subunit of a ribosome located in the cytosol."
"149","GO:0009506","plasmodesma","CC",1,"N0.HOG0001810","GO:0009506",16,"GO:0009506",6,"GO:0009506",1,"GO:0009506",3,"GO:0009506",3,"GO:0009506",3,"A fine cytoplasmic channel, found in all higher plants, that connects the cytoplasm of one cell to that of an adjacent cell."
"150","GO:0015935","small ribosomal subunit","CC",1,"N0.HOG0001810","GO:0015935",18,"GO:0015935",6,"GO:0015935",1,"GO:0015935",3,"GO:0015935",5,"GO:0015935",3,"The smaller of the two subunits of a ribosome."
"151","GO:0005777","peroxisome","CC",2,"N0.HOG0009326 N0.HOG0006679","GO:0005777",19,"GO:0005777",4,"GO:0005777",2,"GO:0005777",6,"GO:0005777",5,"GO:0005777",2,"A small organelle enclosed by a single membrane, and found in most eukaryotic cells. Contains peroxidases and other enzymes involved in a variety of metabolic processes including free radical detoxification, lipid catabolism and biosynthesis, and hydrogen peroxide metabolism."
"152","GO:0005654","nucleoplasm","CC",2,"N0.HOG0006716 N0.HOG0003137","GO:0005654",24,"GO:0005654",6,"GO:0005654",2,"GO:0005654",8,"GO:0005654",4,"GO:0005654",4,"That part of the nuclear content other than the chromosomes or the nucleolus."
"153","GO:0005681","spliceosomal complex","CC",1,"N0.HOG0006716","GO:0005681",10,"GO:0005681",3,"GO:0005681",1,"GO:0005681",2,"GO:0005681",2,"GO:0005681",2,"Any of a series of ribonucleoprotein complexes that contain snRNA(s) and small nuclear ribonucleoproteins (snRNPs), and are formed sequentially during the spliceosomal splicing of one or more substrate RNAs, and which also contain the RNA substrate(s) from the initial target RNAs of splicing, the splicing intermediate RNA(s), to the final RNA products. During cis-splicing, the initial target RNA is a single, contiguous RNA transcript, whether mRNA, snoRNA, etc., and the released products are a spliced RNA and an excised intron, generally as a lariat structure. During trans-splicing, there are two initial substrate RNAs, the spliced leader RNA and a pre-mRNA."
"154","GO:0000502","proteasome complex","CC",1,"N0.HOG0004931","GO:0000502",12,"GO:0000502",2,"GO:0000502",1,"GO:0000502",4,"GO:0000502",3,"GO:0000502",2,"A large multisubunit complex which catalyzes protein degradation, found in eukaryotes, archaea and some bacteria. In eukaryotes, this complex consists of the barrel shaped proteasome core complex and one or two associated proteins or complexes that act in regulating entry into or exit from the core."
"155","GO:0005839","proteasome core complex","CC",1,"N0.HOG0004931","GO:0005839",12,"GO:0005839",2,"GO:0005839",1,"GO:0005839",4,"GO:0005839",3,"GO:0005839",2,"A multisubunit barrel shaped endoprotease complex, which is the core of the proteasome complex."
"156","GO:0019774","proteasome core complex, beta-subunit complex","CC",1,"N0.HOG0004931","GO:0019774",12,"GO:0019774",2,"GO:0019774",1,"GO:0019774",4,"GO:0019774",3,"GO:0019774",2,"The proteasome core subcomplex that constitutes the two inner rings of the proteasome core complex. An example of this component is found in Mus musculus."
"157","GO:0005739","mitochondrion","CC",6,"N0.HOG0001401 N0.HOG0005249 N0.HOG0017033 N0.HOG0006402 N0.HOG0011623 N0.HOG0009205","GO:0005739",49,"GO:0005739",8,"GO:0005739",5,"GO:0005739",16,"GO:0005739",10,"GO:0005739",10,"A semiautonomous, self replicating organelle that occurs in varying numbers, shapes, and sizes in the cytoplasm of virtually all eukaryotic cells. It is notably the site of tissue respiration."
"158","GO:0005886","plasma membrane","CC",7,"N0.HOG0004908 N0.HOG0004518 N0.HOG0005632 N0.HOG0001126 N0.HOG0004918 N0.HOG0005249 N0.HOG0013052","GO:0005886",64,"GO:0005886",17,"GO:0005886",7,"GO:0005886",16,"GO:0005886",13,"GO:0005886",11,"The membrane surrounding a cell that separates the cell from its external environment. It consists of a phospholipid bilayer and associated proteins."
"159","GO:0005816","spindle pole body","CC",1,"N0.HOG0007039","GO:0005816",10,"GO:0005816",3,"GO:0005816",1,"GO:0005816",2,"GO:0005816",2,"GO:0005816",2,"The microtubule organizing center in fungi; functionally homologous to the animal cell centrosome."
"160","GO:0044732","mitotic spindle pole body","CC",1,"N0.HOG0007039","GO:0044732",10,"GO:0044732",3,"GO:0044732",1,"GO:0044732",2,"GO:0044732",2,"GO:0044732",2,"The microtubule organizing center that forms as part of the mitotic cell cycle; functionally homologous to the animal cell centrosome."
"161","GO:0000221","vacuolar proton-transporting V-type ATPase, V1 domain","CC",1,"N0.HOG0004908","GO:0000221",12,"GO:0000221",3,"GO:0000221",1,"GO:0000221",4,"GO:0000221",2,"GO:0000221",2,"The V1 domain of a proton-transporting V-type ATPase found in the vacuolar membrane."
"162","GO:0000325","plant-type vacuole","CC",4,"N0.HOG0004908 N0.HOG0005632 N0.HOG0001967 N0.HOG0006269","GO:0000325",23,"GO:0000325",9,"GO:0000325",3,"GO:0000325",5,"GO:0000325",3,"GO:0000325",3,"A closed structure that is completely surrounded by a unit membrane, contains liquid, and retains the same shape regardless of cell cycle phase. An example of this structure is found in Arabidopsis thaliana."
"163","GO:0005773","vacuole","CC",3,"N0.HOG0004908 N0.HOG0005487 N0.HOG0003607","GO:0005773",28,"GO:0005773",6,"GO:0005773",2,"GO:0005773",10,"GO:0005773",5,"GO:0005773",5,"A closed structure, found only in eukaryotic cells, that is completely surrounded by unit membrane and contains liquid material. Cells contain one or several vacuoles, that may have different functions from each other. Vacuoles have a diverse array of functions. They can act as a storage organelle for nutrients or waste products, as a degradative compartment, as a cost-effective way of increasing cell size, and as a homeostatic regulator controlling both turgor pressure and pH of the cytosol."
"164","GO:0005774","vacuolar membrane","CC",1,"N0.HOG0004908","GO:0005774",12,"GO:0005774",3,"GO:0005774",1,"GO:0005774",4,"GO:0005774",2,"GO:0005774",2,"The lipid bilayer surrounding the vacuole and separating its contents from the cytoplasm of the cell."
"165","GO:0031410","cytoplasmic vesicle","CC",1,"N0.HOG0002654","GO:0031410",15,"GO:0031410",3,"GO:0031410",1,"GO:0031410",6,"GO:0031410",3,"GO:0031410",2,"A vesicle found in the cytoplasm of a cell."
"166","GO:0005643","nuclear pore","CC",1,"N0.HOG0003137","GO:0005643",14,"GO:0005643",3,"GO:0005643",1,"GO:0005643",6,"GO:0005643",2,"GO:0005643",2,"A protein complex providing a discrete opening in the nuclear envelope of a eukaryotic cell, where the inner and outer nuclear membranes are joined."
"167","GO:0032991","protein-containing complex","CC",1,"N0.HOG0003137","GO:0032991",14,"GO:0032991",3,"GO:0032991",1,"GO:0032991",6,"GO:0032991",2,"GO:0032991",2,"A stable assembly of two or more macromolecules, i.e. proteins, nucleic acids, carbohydrates or lipids, in which at least one component is a protein and the constituent parts function together."
"168","GO:0019898","extrinsic component of membrane","CC",1,"N0.HOG0007795","GO:0019898",9,"GO:0019898",2,"GO:0019898",1,"GO:0019898",3,"GO:0019898",2,"GO:0019898",1,"The component of a membrane consisting of gene products and protein complexes that are loosely bound to one of its surfaces, but not integrated into the hydrophobic region."
"169","GO:0005782","peroxisomal matrix","CC",1,"N0.HOG0009326","GO:0005782",9,"GO:0005782",1,"GO:0005782",1,"GO:0005782",4,"GO:0005782",2,"GO:0005782",1,"The volume contained within the membranes of a peroxisome; in many cells the matrix contains a crystalloid core largely composed of urate oxidase."
"170","GO:0009509","chromoplast","CC",1,"N0.HOG0013699","GO:0009509",8,"GO:0009509",1,"GO:0009509",1,"GO:0009509",2,"GO:0009509",2,"GO:0009509",2,"A plastid containing pigments other than chlorophyll, usually yellow and orange carotenoid pigments."
"171","GO:0012505","endomembrane system","CC",1,"N0.HOG0005487","GO:0012505",11,"GO:0012505",3,"GO:0012505",1,"GO:0012505",4,"GO:0012505",2,"GO:0012505",1,"A collection of membranous structures involved in transport within the cell. The main components of the endomembrane system are endoplasmic reticulum, Golgi bodies, vesicles, cell membrane and nuclear envelope. Members of the endomembrane system pass materials through each other or though the use of vesicles."
"172","GO:0032586","protein storage vacuole membrane","CC",1,"N0.HOG0005487","GO:0032586",11,"GO:0032586",3,"GO:0032586",1,"GO:0032586",4,"GO:0032586",2,"GO:0032586",1,"The lipid bilayer surrounding a protein storage vacuole."
"173","GO:0097708","intracellular vesicle","CC",1,"N0.HOG0004518","GO:0097708",12,"GO:0097708",3,"GO:0097708",1,"GO:0097708",3,"GO:0097708",4,"GO:0097708",1,"Any vesicle that is part of the intracellular region."
"174","GO:0022626","cytosolic ribosome","CC",2,"N0.HOG0006269 N0.HOG0001810","GO:0022626",6,"GO:0022626",3,"GO:0022626",0,"GO:0022626",0,"GO:0022626",3,"GO:0022626",0,"A ribosome located in the cytosol."
"175","GO:0099503","secretory vesicle","CC",1,"N0.HOG0011623","GO:0099503",6,"GO:0099503",2,"GO:0099503",1,"GO:0099503",1,"GO:0099503",1,"GO:0099503",1,"A cytoplasmic, membrane bound vesicle that is capable of fusing to the plasma membrane to release its contents into the extracellular space."
"176","GO:0009570","chloroplast stroma","CC",1,"N0.HOG0007161","GO:0009570",8,"GO:0009570",3,"GO:0009570",1,"GO:0009570",1,"GO:0009570",2,"GO:0009570",1,"The space enclosed by the double membrane of a chloroplast but excluding the thylakoid space. It contains DNA, ribosomes and some temporary products of photosynthesis."
"177","GO:0009986","cell surface","CC",1,"N0.HOG0003607","GO:0009986",1,"GO:0009986",0,"GO:0009986",1,"GO:0009986",0,"GO:0009986",0,"GO:0009986",0,"The external part of the cell wall and/or plasma membrane."
"178","GO:0005575","cellular_component","CC",1,"N0.HOG0004459","GO:0005575",1,"GO:0005575",0,"GO:0005575",0,"GO:0005575",1,"GO:0005575",0,"GO:0005575",0,"A location, relative to cellular compartments and structures, occupied by a macromolecular machine when it carries out a molecular function. There are two ways in which the gene ontology describes locations of gene products: (1) relative to cellular structures (e.g., cytoplasmic side of plasma membrane) or compartments (e.g., mitochondrion), and (2) the stable macromolecular complexes of which they are parts (e.g., the ribosome)."
"179","GO:0000176","nuclear exosome (RNase complex)","CC",1,"N0.HOG0002038","GO:0000176",1,"GO:0000176",0,"GO:0000176",0,"GO:0000176",0,"GO:0000176",1,"GO:0000176",0,"A ribonuclease complex that has 3-prime to 5-prime processive and distributive hydrolytic exoribonuclease activity and endoribonuclease activity, producing 5-prime-phosphomonoesters. Participates in a multitude of cellular RNA processing and degradation events preventing nuclear export and/or translation of aberrant RNAs. Restricted to processing linear and circular single-stranded RNAs (ssRNA) only. RNAs with complex secondary structures may have to be unwound or pre-processed by co-factors prior to entering the complex, esp if the 3-prime end is structured."
"180","GO:0019005","SCF ubiquitin ligase complex","CC",1,"N0.HOG0009630","GO:0019005",1,"GO:0019005",0,"GO:0019005",0,"GO:0019005",0,"GO:0019005",1,"GO:0019005",0,"A ubiquitin ligase complex in which a cullin from the Cul1 subfamily and a RING domain protein form the catalytic core; substrate specificity is conferred by a Skp1 adaptor and an F-box protein. SCF complexes are involved in targeting proteins for degradation by the proteasome. The best characterized complexes are those from yeast and mammals (with core subunits named Cdc53/Cul1, Rbx1/Hrt1/Roc1)."
"181","GO:0005576","extracellular region","CC",1,"N0.HOG0005709","GO:0005576",1,"GO:0005576",0,"GO:0005576",0,"GO:0005576",0,"GO:0005576",0,"GO:0005576",1,"The space external to the outermost structure of a cell. For cells without external protective or external encapsulating structures this refers to space outside of the plasma membrane. This term covers the host cell environment outside an intracellular parasite."
"182","GO:0003735","structural constituent of ribosome","MF",8,"N0.HOG0002489 N0.HOG0002924 N0.HOG0001278 N0.HOG0001401 N0.HOG0001787 N0.HOG0006269 N0.HOG0001264 N0.HOG0001810","GO:0003735",121,"GO:0003735",24,"GO:0003735",12,"GO:0003735",35,"GO:0003735",29,"GO:0003735",21,"The action of a molecule that contributes to the structural integrity of the ribosome."
"183","GO:0016787","hydrolase activity","MF",14,"N0.HOG0005632 N0.HOG0002654 N0.HOG0005638 N0.HOG0004918 N0.HOG0002038 N0.HOG0009326 N0.HOG0006679 N0.HOG0016662 N0.HOG0011623 N0.HOG0008824 N0.HOG0004931 N0.HOG0005709 N0.HOG0013052 N0.HOG0004459","GO:0016787",116,"GO:0016787",27,"GO:0016787",11,"GO:0016787",29,"GO:0016787",26,"GO:0016787",23,"Catalysis of the hydrolysis of various bonds, e.g. C-O, C-N, C-C, phosphoric anhydride bonds, etc."
"184","GO:0016811","hydrolase activity, acting on carbon-nitrogen (but not peptide) bonds, in linear amides","MF",1,"N0.HOG0016662","GO:0016811",7,"GO:0016811",1,"GO:0016811",1,"GO:0016811",2,"GO:0016811",2,"GO:0016811",1,"Catalysis of the hydrolysis of any non-peptide carbon-nitrogen bond in a linear amide."
"185","GO:0046872","metal ion binding","MF",9,"N0.HOG0004918 N0.HOG0006716 N0.HOG0006598 N0.HOG0005487 N0.HOG0006601 N0.HOG0016662 N0.HOG0008824 N0.HOG0005130 N0.HOG0005709","GO:0046872",77,"GO:0046872",21,"GO:0046872",7,"GO:0046872",18,"GO:0046872",17,"GO:0046872",14,"Binding to a metal ion."
"186","GO:0003676","nucleic acid binding","MF",5,"N0.HOG0003710 N0.HOG0006716 N0.HOG0002038 N0.HOG0006601 N0.HOG0008824","GO:0003676",58,"GO:0003676",15,"GO:0003676",5,"GO:0003676",12,"GO:0003676",11,"GO:0003676",15,"Binding to a nucleic acid."
"187","GO:0008270","zinc ion binding","MF",3,"N0.HOG0006716 N0.HOG0006601 N0.HOG0005130","GO:0008270",26,"GO:0008270",8,"GO:0008270",2,"GO:0008270",6,"GO:0008270",5,"GO:0008270",5,"Binding to a zinc ion (Zn)."
"188","GO:0004518","nuclease activity","MF",2,"N0.HOG0002038 N0.HOG0008824","GO:0004518",25,"GO:0004518",6,"GO:0004518",2,"GO:0004518",4,"GO:0004518",4,"GO:0004518",9,"Catalysis of the hydrolysis of ester linkages within nucleic acids."
"189","GO:0004527","exonuclease activity","MF",2,"N0.HOG0002038 N0.HOG0008824","GO:0004527",25,"GO:0004527",6,"GO:0004527",2,"GO:0004527",4,"GO:0004527",4,"GO:0004527",9,"Catalysis of the hydrolysis of ester linkages within nucleic acids by removing nucleotide residues from the 3' or 5' end."
"190","GO:0030544","Hsp70 protein binding","MF",1,"N0.HOG0003448","GO:0030544",14,"GO:0030544",3,"GO:0030544",1,"GO:0030544",3,"GO:0030544",2,"GO:0030544",5,"Binding to a Hsp70 protein, heat shock proteins around 70kDa in size."
"191","GO:0043022","ribosome binding","MF",2,"N0.HOG0005638 N0.HOG0003448","GO:0043022",15,"GO:0043022",3,"GO:0043022",2,"GO:0043022",3,"GO:0043022",2,"GO:0043022",5,"Binding to a ribosome."
"192","GO:0004497","monooxygenase activity","MF",1,"N0.HOG0008667","GO:0004497",9,"GO:0004497",3,"GO:0004497",1,"GO:0004497",2,"GO:0004497",2,"GO:0004497",1,"Catalysis of the incorporation of one atom from molecular oxygen into a compound and the reduction of the other atom of oxygen to water."
"193","GO:0004499","N,N-dimethylaniline monooxygenase activity","MF",1,"N0.HOG0008667","GO:0004499",9,"GO:0004499",3,"GO:0004499",1,"GO:0004499",2,"GO:0004499",2,"GO:0004499",1,"Catalysis of the reaction: N,N-dimethylaniline + NADPH + H+ + O2 = N,N-dimethylaniline N-oxide + NADP+ + H2O."
"194","GO:0016491","oxidoreductase activity","MF",9,"N0.HOG0007161 N0.HOG0005249 N0.HOG0008667 N0.HOG0013699 N0.HOG0003389 N0.HOG0010669 N0.HOG0008947 N0.HOG0005130 N0.HOG0005709","GO:0016491",66,"GO:0016491",15,"GO:0016491",7,"GO:0016491",17,"GO:0016491",15,"GO:0016491",12,"Catalysis of an oxidation-reduction (redox) reaction, a reversible chemical reaction in which the oxidation state of an atom or atoms within a molecule is altered. One substrate acts as a hydrogen or electron donor and becomes oxidized, while the other acts as hydrogen or electron acceptor and becomes reduced."
"195","GO:0050660","flavin adenine dinucleotide binding","MF",2,"N0.HOG0008667 N0.HOG0013699","GO:0050660",17,"GO:0050660",4,"GO:0050660",2,"GO:0050660",4,"GO:0050660",4,"GO:0050660",3,"Binding to FAD, flavin-adenine dinucleotide, the coenzyme or the prosthetic group of various flavoprotein oxidoreductase enzymes, in either the oxidized form, FAD, or the reduced form, FADH2."
"196","GO:0050661","NADP binding","MF",1,"N0.HOG0008667","GO:0050661",9,"GO:0050661",3,"GO:0050661",1,"GO:0050661",2,"GO:0050661",2,"GO:0050661",1,"Binding to nicotinamide-adenine dinucleotide phosphate, a coenzyme involved in many redox and biosynthetic reactions; binding may be to either the oxidized form, NADP+, or the reduced form, NADPH."
"197","GO:0003729","mRNA binding","MF",4,"N0.HOG0002924 N0.HOG0001401 N0.HOG0001810 N0.HOG0003710","GO:0003729",48,"GO:0003729",11,"GO:0003729",3,"GO:0003729",15,"GO:0003729",10,"GO:0003729",9,"Binding to messenger RNA (mRNA), an intermediate molecule between DNA and protein. mRNA includes UTR and coding sequences, but does not contain introns."
"198","GO:0004601","peroxidase activity","MF",3,"N0.HOG0007161 N0.HOG0003389 N0.HOG0005709","GO:0004601",15,"GO:0004601",4,"GO:0004601",2,"GO:0004601",2,"GO:0004601",4,"GO:0004601",3,"Catalysis of the reaction: a donor + a peroxide = an oxidized donor + 2 H2O."
"199","GO:0004602","glutathione peroxidase activity","MF",1,"N0.HOG0003389","GO:0004602",6,"GO:0004602",1,"GO:0004602",1,"GO:0004602",1,"GO:0004602",2,"GO:0004602",1,"Catalysis of the reaction: 2 glutathione + hydrogen peroxide = oxidized glutathione + 2 H2O."
"200","GO:0000166","nucleotide binding","MF",5,"N0.HOG0005638 N0.HOG0002038 N0.HOG0007039 N0.HOG0001029 N0.HOG0005632","GO:0000166",53,"GO:0000166",11,"GO:0000166",5,"GO:0000166",10,"GO:0000166",13,"GO:0000166",14,"Binding to a nucleotide, any compound consisting of a nucleoside that is esterified with (ortho)phosphate or an oligophosphate at any hydroxyl group on the ribose or deoxyribose."
"201","GO:0000175","3'-5'-RNA exonuclease activity","MF",1,"N0.HOG0002038","GO:0000175",17,"GO:0000175",3,"GO:0000175",1,"GO:0000175",2,"GO:0000175",3,"GO:0000175",8,"Catalysis of the sequential cleavage of mononucleotides from a free 3' terminus of an RNA molecule."
"202","GO:0008408","3'-5' exonuclease activity","MF",1,"N0.HOG0002038","GO:0008408",17,"GO:0008408",3,"GO:0008408",1,"GO:0008408",2,"GO:0008408",3,"GO:0008408",8,"Catalysis of the hydrolysis of ester linkages within nucleic acids by removing nucleotide residues from the 3' end."
"203","GO:0003723","RNA binding","MF",5,"N0.HOG0002489 N0.HOG0003710 N0.HOG0001278 N0.HOG0006716 N0.HOG0001810","GO:0003723",68,"GO:0003723",16,"GO:0003723",6,"GO:0003723",16,"GO:0003723",16,"GO:0003723",14,"Binding to an RNA molecule or a portion thereof."
"204","GO:0003860","3-hydroxyisobutyryl-CoA hydrolase activity","MF",1,"N0.HOG0006679","GO:0003860",10,"GO:0003860",3,"GO:0003860",1,"GO:0003860",2,"GO:0003860",3,"GO:0003860",1,"Catalysis of the reaction: 3-hydroxy-2-methylpropanoyl-CoA + H2O = CoA + 3-hydroxy-2-methylpropanoate."
"205","GO:0005515","protein binding","MF",6,"N0.HOG0004918 N0.HOG0006716 N0.HOG0007039 N0.HOG0003137 N0.HOG0009630 N0.HOG0009205","GO:0005515",53,"GO:0005515",15,"GO:0005515",5,"GO:0005515",14,"GO:0005515",9,"GO:0005515",10,"Binding to a protein."
"206","GO:0004298","threonine-type endopeptidase activity","MF",1,"N0.HOG0004931","GO:0004298",12,"GO:0004298",2,"GO:0004298",1,"GO:0004298",4,"GO:0004298",3,"GO:0004298",2,"Catalysis of the hydrolysis of internal peptide bonds in a polypeptide chain by a mechanism in which the hydroxyl group of a threonine residue at the active center acts as a nucleophile."
"207","GO:0008233","peptidase activity","MF",2,"N0.HOG0011623 N0.HOG0004931","GO:0008233",20,"GO:0008233",4,"GO:0008233",2,"GO:0008233",5,"GO:0008233",5,"GO:0008233",4,"Catalysis of the hydrolysis of a peptide bond. A peptide bond is a covalent bond formed when the carbon atom from the carboxyl group of one amino acid shares electrons with the nitrogen atom from the amino group of a second amino acid."
"208","GO:0004325","ferrochelatase activity","MF",1,"N0.HOG0006402","GO:0004325",10,"GO:0004325",2,"GO:0004325",1,"GO:0004325",3,"GO:0004325",2,"GO:0004325",2,"Catalysis of the reaction: heme B (protoheme) + H+ = Fe(2+) + protoporphyrin IX."
"209","GO:0016829","lyase activity","MF",1,"N0.HOG0006402","GO:0016829",10,"GO:0016829",2,"GO:0016829",1,"GO:0016829",3,"GO:0016829",2,"GO:0016829",2,"Catalysis of the cleavage of C-C, C-O, C-N and other bonds by other means than by hydrolysis or oxidation, or conversely adding a group to a double bond. They differ from other enzymes in that two substrates are involved in one reaction direction, but only one in the other direction. When acting on the single substrate, a molecule is eliminated and this generates either a new double bond or a new ring."
"210","GO:0004721","phosphoprotein phosphatase activity","MF",1,"N0.HOG0004918","GO:0004721",12,"GO:0004721",3,"GO:0004721",1,"GO:0004721",2,"GO:0004721",4,"GO:0004721",2,"Catalysis of the reaction: a phosphoprotein + H2O = a protein + phosphate. Together with protein kinases, these enzymes control the state of phosphorylation of cellular proteins and thereby provide an important mechanism for regulating cellular activity."
"211","GO:0004722","protein serine/threonine phosphatase activity","MF",1,"N0.HOG0004918","GO:0004722",12,"GO:0004722",3,"GO:0004722",1,"GO:0004722",2,"GO:0004722",4,"GO:0004722",2,"Catalysis of the reaction: protein serine phosphate + H2O = protein serine + phosphate, and protein threonine phosphate + H2O = protein threonine + phosphate."
"212","GO:0017018","myosin phosphatase activity","MF",1,"N0.HOG0004918","GO:0017018",11,"GO:0017018",3,"GO:0017018",1,"GO:0017018",2,"GO:0017018",3,"GO:0017018",2,"Catalysis of the reaction: phosphomyosin + H2O = myosin + phosphate."
"213","GO:0043169","cation binding","MF",1,"N0.HOG0004918","GO:0043169",12,"GO:0043169",3,"GO:0043169",1,"GO:0043169",2,"GO:0043169",4,"GO:0043169",2,"Binding to a cation, a charged atom or group of atoms with a net positive charge."
"214","GO:0003924","GTPase activity","MF",3,"N0.HOG0005638 N0.HOG0007039 N0.HOG0001029","GO:0003924",32,"GO:0003924",8,"GO:0003924",4,"GO:0003924",7,"GO:0003924",8,"GO:0003924",5,"Catalysis of the reaction: GTP + H2O = GDP + H+ + phosphate."
"215","GO:0005525","GTP binding","MF",3,"N0.HOG0005638 N0.HOG0007039 N0.HOG0001029","GO:0005525",32,"GO:0005525",8,"GO:0005525",4,"GO:0005525",7,"GO:0005525",8,"GO:0005525",5,"Binding to GTP, guanosine triphosphate."
"216","GO:0035591","signaling adaptor activity","MF",1,"N0.HOG0007039","GO:0035591",10,"GO:0035591",3,"GO:0035591",1,"GO:0035591",2,"GO:0035591",2,"GO:0035591",2,"The binding activity of a molecule that brings together two or more molecules in a signaling pathway, permitting those molecules to function in a coordinated way. Adaptor molecules themselves do not have catalytic activity."
"217","GO:0046961","proton-transporting ATPase activity, rotational mechanism","MF",1,"N0.HOG0004908","GO:0046961",12,"GO:0046961",3,"GO:0046961",1,"GO:0046961",4,"GO:0046961",2,"GO:0046961",2,"Enables the transfer of protons from one side of a membrane to the other according to the reaction: ATP + H2O + H+(in) -> ADP + phosphate + H+(out), by a rotational mechanism."
"218","GO:0016844","strictosidine synthase activity","MF",1,"N0.HOG0003607","GO:0016844",11,"GO:0016844",3,"GO:0016844",1,"GO:0016844",3,"GO:0016844",1,"GO:0016844",3,"Catalysis of the reaction: 3alpha(S)-strictosidine + H2O = secologanin + tryptamine."
"219","GO:0003824","catalytic activity","MF",1,"N0.HOG0002654","GO:0003824",15,"GO:0003824",3,"GO:0003824",1,"GO:0003824",6,"GO:0003824",3,"GO:0003824",2,"Catalysis of a biochemical reaction at physiological temperatures. In biologically catalyzed reactions, the reactants are known as substrates, and the catalysts are naturally occurring macromolecular substances known as enzymes. Enzymes possess specific binding sites for substrates, and are usually composed wholly or largely of protein, but RNA that has catalytic activity (ribozyme) is often also regarded as enzymatic."
"220","GO:0004630","phospholipase D activity","MF",1,"N0.HOG0002654","GO:0004630",15,"GO:0004630",3,"GO:0004630",1,"GO:0004630",6,"GO:0004630",3,"GO:0004630",2,"Catalysis of the reaction: a phosphatidylcholine + H2O = choline + a phosphatidate."
"221","GO:0070290","N-acylphosphatidylethanolamine-specific phospholipase D activity","MF",1,"N0.HOG0002654","GO:0070290",15,"GO:0070290",3,"GO:0070290",1,"GO:0070290",6,"GO:0070290",3,"GO:0070290",2,"Catalysis of the release of N-acylethanolamine from N-acyl-phosphatidylethanolamine (NAPE) to generate N-acylethanolamine (NAE)."
"222","GO:0016671","oxidoreductase activity, acting on a sulfur group of donors, disulfide as acceptor","MF",1,"N0.HOG0005130","GO:0016671",6,"GO:0016671",2,"GO:0016671",0,"GO:0016671",2,"GO:0016671",1,"GO:0016671",1,"Catalysis of an oxidation-reduction (redox) reaction in which a sulfur-containing group acts as a hydrogen or electron donor and reduces disulfide."
"223","GO:0033743","peptide-methionine (R)-S-oxide reductase activity","MF",1,"N0.HOG0005130","GO:0033743",6,"GO:0033743",2,"GO:0033743",0,"GO:0033743",2,"GO:0033743",1,"GO:0033743",1,"Catalysis of the reaction: peptide-L-methionine + H2O + thioredoxin disulfide = peptide-L-methionine (R)-S-oxide + thioredoxin. Can act on oxidized methionine in peptide linkage with specificity for the R enantiomer. Thioredoxin disulfide is the oxidized form of thioredoxin."
"224","GO:0016208","AMP binding","MF",2,"N0.HOG0013052 N0.HOG0005632","GO:0016208",8,"GO:0016208",3,"GO:0016208",1,"GO:0016208",1,"GO:0016208",2,"GO:0016208",1,"Binding to AMP, adenosine monophosphate."
"225","GO:0003955","NAD(P)H dehydrogenase (quinone) activity","MF",1,"N0.HOG0008947","GO:0003955",9,"GO:0003955",2,"GO:0003955",1,"GO:0003955",3,"GO:0003955",2,"GO:0003955",1,"Catalysis of the reaction: NAD(P)H + H+ + a quinone = NAD(P)+ + a hydroquinone."
"226","GO:0008753","NADPH dehydrogenase (quinone) activity","MF",1,"N0.HOG0008947","GO:0008753",9,"GO:0008753",2,"GO:0008753",1,"GO:0008753",3,"GO:0008753",2,"GO:0008753",1,"Catalysis of the reaction: NADPH + H+ + a quinone = NADP+ + a quinol."
"227","GO:0010181","FMN binding","MF",1,"N0.HOG0008947","GO:0010181",9,"GO:0010181",2,"GO:0010181",1,"GO:0010181",3,"GO:0010181",2,"GO:0010181",1,"Binding to flavin mono nucleotide. Flavin mono nucleotide (FMN) is the coenzyme or the prosthetic group of various flavoprotein oxidoreductase enzymes."
"228","GO:0050136","NADH dehydrogenase (quinone) activity","MF",1,"N0.HOG0008947","GO:0050136",9,"GO:0050136",2,"GO:0050136",1,"GO:0050136",3,"GO:0050136",2,"GO:0050136",1,"Catalysis of the reaction: NADH + H+ + a quinone = NAD+ + a quinol."
"229","GO:0003755","peptidyl-prolyl cis-trans isomerase activity","MF",1,"N0.HOG0003362","GO:0003755",14,"GO:0003755",3,"GO:0003755",1,"GO:0003755",4,"GO:0003755",3,"GO:0003755",3,"Catalysis of the reaction: peptidyl-proline (omega=180) = peptidyl-proline (omega=0)."
"230","GO:0016018","cyclosporin A binding","MF",1,"N0.HOG0003362","GO:0016018",14,"GO:0016018",3,"GO:0016018",1,"GO:0016018",4,"GO:0016018",3,"GO:0016018",3,"Binding to cyclosporin A, a cyclic undecapeptide that contains several N-methylated and unusual amino acids."
"231","GO:0016853","isomerase activity","MF",1,"N0.HOG0003362","GO:0016853",14,"GO:0016853",3,"GO:0016853",1,"GO:0016853",4,"GO:0016853",3,"GO:0016853",3,"Catalysis of the geometric or structural changes within one molecule. Isomerase is the systematic name for any enzyme of EC class 5."
"232","GO:0005524","ATP binding","MF",3,"N0.HOG0004459 N0.HOG0005632 N0.HOG0009205","GO:0005524",15,"GO:0005524",3,"GO:0005524",1,"GO:0005524",3,"GO:0005524",4,"GO:0005524",4,"Binding to ATP, adenosine 5'-triphosphate, a universally important coenzyme and enzyme regulator."
"233","GO:0016887","ATP hydrolysis activity","MF",1,"N0.HOG0004459","GO:0016887",10,"GO:0016887",3,"GO:0016887",1,"GO:0016887",2,"GO:0016887",2,"GO:0016887",2,"Catalysis of the reaction: ATP + H2O = ADP + H+ phosphate. ATP hydrolysis is used in some reactions as an energy source, for example to catalyze a reaction or drive transport against a concentration gradient."
"234","GO:0008194","UDP-glycosyltransferase activity","MF",1,"N0.HOG0001933","GO:0008194",17,"GO:0008194",2,"GO:0008194",1,"GO:0008194",5,"GO:0008194",6,"GO:0008194",3,"Catalysis of the transfer of a glycosyl group from a UDP-sugar to a small hydrophobic molecule."
"235","GO:0016740","transferase activity","MF",2,"N0.HOG0005249 N0.HOG0001933","GO:0016740",28,"GO:0016740",3,"GO:0016740",2,"GO:0016740",9,"GO:0016740",8,"GO:0016740",6,"Catalysis of the transfer of a group, e.g. a methyl group, glycosyl group, acyl group, phosphorus-containing, or other groups, from one compound (generally regarded as the donor) to another compound (generally regarded as the acceptor). Transferase is the systematic name for any enzyme of EC class 2."
"236","GO:0016757","glycosyltransferase activity","MF",1,"N0.HOG0001933","GO:0016757",17,"GO:0016757",2,"GO:0016757",1,"GO:0016757",5,"GO:0016757",6,"GO:0016757",3,"Catalysis of the transfer of a glycosyl group from one compound (donor) to another (acceptor)."
"237","GO:0016758","hexosyltransferase activity","MF",1,"N0.HOG0001933","GO:0016758",16,"GO:0016758",2,"GO:0016758",1,"GO:0016758",5,"GO:0016758",5,"GO:0016758",3,"Catalysis of the transfer of a hexosyl group from one compound (donor) to another (acceptor)."
"238","GO:0050505","hydroquinone glucosyltransferase activity","MF",1,"N0.HOG0001933","GO:0050505",17,"GO:0050505",2,"GO:0050505",1,"GO:0050505",5,"GO:0050505",6,"GO:0050505",3,"Catalysis of the reaction: hydroquinone + UDP-D-glucose = H+ + hydroquinone O-beta-D-glucopyranoside + UDP."
"239","GO:0003674","molecular_function","MF",2,"N0.HOG0005632 N0.HOG0007795","GO:0003674",19,"GO:0003674",5,"GO:0003674",2,"GO:0003674",5,"GO:0003674",4,"GO:0003674",3,"A molecular process that can be carried out by the action of a single macromolecular machine, usually via direct physical interactions with other molecular entities. Function in this sense denotes an action, or activity, that a gene product (or a complex) performs."
"240","GO:0047617","acyl-CoA hydrolase activity","MF",1,"N0.HOG0009326","GO:0047617",9,"GO:0047617",1,"GO:0047617",1,"GO:0047617",4,"GO:0047617",2,"GO:0047617",1,"Catalysis of the reaction: acyl-CoA + H2O = CoA + a carboxylate."
"241","GO:0052815","medium-chain acyl-CoA hydrolase activity","MF",1,"N0.HOG0009326","GO:0052815",9,"GO:0052815",1,"GO:0052815",1,"GO:0052815",4,"GO:0052815",2,"GO:0052815",1,"Catalysis of the reaction: H2O + a medium-chain acyl-CoA = a medium-chain carboxylate + CoA. A medium chain is a chain of between eight and twelve carbons in length."
"242","GO:0052816","long-chain acyl-CoA hydrolase activity","MF",1,"N0.HOG0009326","GO:0052816",9,"GO:0052816",1,"GO:0052816",1,"GO:0052816",4,"GO:0052816",2,"GO:0052816",1,"Catalysis of the reaction: H2O + a long-chain acyl-CoA = a long-chain carboxylate + CoA. A long chain is a chain of greater than 12 carbons in length."
"243","GO:0016166","phytoene dehydrogenase activity","MF",1,"N0.HOG0013699","GO:0016166",8,"GO:0016166",1,"GO:0016166",1,"GO:0016166",2,"GO:0016166",2,"GO:0016166",2,"Catalysis of the dehydrogenation of phytoene to produce a carotenoid intermediate such as phytofluene."
"244","GO:0071949","FAD binding","MF",1,"N0.HOG0013699","GO:0071949",8,"GO:0071949",1,"GO:0071949",1,"GO:0071949",2,"GO:0071949",2,"GO:0071949",2,"Binding to the oxidized form, FAD, of flavin-adenine dinucleotide, the coenzyme or the prosthetic group of various flavoprotein oxidoreductase enzymes."
"245","GO:0000062","fatty-acyl-CoA binding","MF",1,"N0.HOG0009205","GO:0000062",8,"GO:0000062",3,"GO:0000062",1,"GO:0000062",2,"GO:0000062",2,"GO:0000062",0,"Binding to a fatty-acyl-CoA, any derivative of coenzyme A in which the sulfhydryl group is in thiolester linkage with a fatty acyl group."
"246","GO:0008289","lipid binding","MF",1,"N0.HOG0009205","GO:0008289",8,"GO:0008289",3,"GO:0008289",1,"GO:0008289",2,"GO:0008289",2,"GO:0008289",0,"Binding to a lipid."
"247","GO:0061630","ubiquitin protein ligase activity","MF",2,"N0.HOG0005487 N0.HOG0006601","GO:0061630",12,"GO:0061630",3,"GO:0061630",1,"GO:0061630",4,"GO:0061630",3,"GO:0061630",1,"Catalysis of the transfer of ubiquitin to a substrate protein via the reaction X-ubiquitin + S = X + S-ubiquitin, where X is either an E2 or E3 enzyme, the X-ubiquitin linkage is a thioester bond, and the S-ubiquitin linkage is an amide bond: an isopeptide bond between the C-terminal glycine of ubiquitin and the epsilon-amino group of lysine residues in the substrate or, in the linear extension of ubiquitin chains, a peptide bond the between the C-terminal glycine and N-terminal methionine of ubiquitin residues."
"248","GO:0051119","sugar transmembrane transporter activity","MF",1,"N0.HOG0001126","GO:0051119",11,"GO:0051119",1,"GO:0051119",1,"GO:0051119",3,"GO:0051119",3,"GO:0051119",3,"Enables the transfer of a sugar from one side of a membrane to the other. A sugar is any member of a class of sweet, water-soluble, crystallizable carbohydrates, which are the monosaccharides and smaller oligosaccharides."
"249","GO:0004364","glutathione transferase activity","MF",1,"N0.HOG0005249","GO:0004364",11,"GO:0004364",1,"GO:0004364",1,"GO:0004364",4,"GO:0004364",2,"GO:0004364",3,"Catalysis of the reaction: R-X + glutathione = H-X + R-S-glutathione. R may be an aliphatic, aromatic or heterocyclic group; X may be a sulfate, nitrile or halide group."
"250","GO:0043295","glutathione binding","MF",1,"N0.HOG0005249","GO:0043295",11,"GO:0043295",1,"GO:0043295",1,"GO:0043295",4,"GO:0043295",2,"GO:0043295",3,"Binding to glutathione; a tripeptide composed of the three amino acids cysteine, glutamic acid and glycine."
"251","GO:0045174","glutathione dehydrogenase (ascorbate) activity","MF",1,"N0.HOG0005249","GO:0045174",11,"GO:0045174",1,"GO:0045174",1,"GO:0045174",4,"GO:0045174",2,"GO:0045174",3,"Catalysis of the reaction: dehydroascorbate + 2 glutathione = L-ascorbate + glutathione disulfide."
"252","GO:0022857","transmembrane transporter activity","MF",1,"N0.HOG0004518","GO:0022857",12,"GO:0022857",3,"GO:0022857",1,"GO:0022857",3,"GO:0022857",4,"GO:0022857",1,"Enables the transfer of a substance, usually a specific substance or a group of related substances, from one side of a membrane to the other."
"253","GO:0004177","aminopeptidase activity","MF",1,"N0.HOG0011623","GO:0004177",8,"GO:0004177",2,"GO:0004177",1,"GO:0004177",1,"GO:0004177",2,"GO:0004177",2,"Catalysis of the hydrolysis of a single N-terminal amino acid residue from a polypeptide chain."
"254","GO:0008379","thioredoxin peroxidase activity","MF",1,"N0.HOG0007161","GO:0008379",8,"GO:0008379",3,"GO:0008379",1,"GO:0008379",1,"GO:0008379",2,"GO:0008379",1,"Catalysis of the reaction: [thioredoxin]-dithiol + hydrogen peroxide = [thioredoxin]-disulfide + H2O."
"255","GO:0016209","antioxidant activity","MF",1,"N0.HOG0007161","GO:0016209",8,"GO:0016209",3,"GO:0016209",1,"GO:0016209",1,"GO:0016209",2,"GO:0016209",1,"Inhibition of the reactions brought about by dioxygen (O2) or peroxides. Usually the antioxidant is effective because it can itself be more easily oxidized than the substance protected. The term is often applied to components that can trap free radicals, thereby breaking the chain reaction that normally leads to extensive biological damage."
"256","GO:0004064","arylesterase activity","MF",1,"N0.HOG0003607","GO:0004064",2,"GO:0004064",0,"GO:0004064",1,"GO:0004064",0,"GO:0004064",0,"GO:0004064",1,"Catalysis of the reaction: a phenyl acetate + H2O = a phenol + acetate."
"257","GO:0003743","translation initiation factor activity","MF",1,"N0.HOG0005130","GO:0003743",5,"GO:0003743",0,"GO:0003743",1,"GO:0003743",2,"GO:0003743",1,"GO:0003743",1,"Functions in the initiation of ribosome-mediated translation of mRNA into a polypeptide."
"258","GO:0003727","single-stranded RNA binding","MF",1,"N0.HOG0002038","GO:0003727",1,"GO:0003727",0,"GO:0003727",0,"GO:0003727",0,"GO:0003727",1,"GO:0003727",0,"Binding to single-stranded RNA."
"259","GO:0003993","acid phosphatase activity","MF",1,"N0.HOG0005709","GO:0003993",2,"GO:0003993",0,"GO:0003993",0,"GO:0003993",0,"GO:0003993",1,"GO:0003993",1,"Catalysis of the reaction: an orthophosphoric monoester + H2O = an alcohol + phosphate, with an acid pH optimum."
"260","GO:0051082","unfolded protein binding","MF",1,"N0.HOG0017033","GO:0051082",2,"GO:0051082",0,"GO:0051082",0,"GO:0051082",0,"GO:0051082",2,"GO:0051082",0,"Binding to an unfolded protein."
"261","GO:0035251","UDP-glucosyltransferase activity","MF",1,"N0.HOG0001933","GO:0035251",1,"GO:0035251",0,"GO:0035251",0,"GO:0035251",0,"GO:0035251",1,"GO:0035251",0,"Catalysis of the transfer of a glucosyl group from UDP-glucose to an acceptor molecule."
"262","GO:0016874","ligase activity","MF",1,"N0.HOG0006601","GO:0016874",1,"GO:0016874",0,"GO:0016874",0,"GO:0016874",0,"GO:0016874",0,"GO:0016874",1,"Catalysis of the joining of two molecules, or two groups within a single molecule, using the energy from the hydrolysis of ATP, a similar triphosphate, or a pH gradient."
"263","GO:0003682","chromatin binding","MF",1,"N0.HOG0003448","GO:0003682",2,"GO:0003682",0,"GO:0003682",0,"GO:0003682",0,"GO:0003682",0,"GO:0003682",2,"Binding to chromatin, the network of fibers of DNA, protein, and sometimes RNA, that make up the chromosomes of the eukaryotic nucleus during interphase."
"264","GO:0042393","histone binding","MF",1,"N0.HOG0003448","GO:0042393",2,"GO:0042393",0,"GO:0042393",0,"GO:0042393",0,"GO:0042393",0,"GO:0042393",2,"Binding to a histone, any of a group of water-soluble proteins found in association with the DNA of eukaryotic or archaeal chromosomes. They are involved in the condensation and coiling of chromosomes during cell division and have also been implicated in gene regulation and DNA replication. They may be chemically modified (methylated, acetlyated and others) to regulate gene transcription."
"265","GO:0061649","ubiquitin modification-dependent histone binding","MF",1,"N0.HOG0003448","GO:0061649",2,"GO:0061649",0,"GO:0061649",0,"GO:0061649",0,"GO:0061649",0,"GO:0061649",2,"Binding to a histone protein in which a residue has been modified by ubiquitination."
"266","GO:0020037","heme binding","MF",1,"N0.HOG0005709","GO:0020037",1,"GO:0020037",0,"GO:0020037",0,"GO:0020037",0,"GO:0020037",0,"GO:0020037",1,"Binding to a heme, a compound composed of iron complexed in a porphyrin (tetrapyrrole) ring."
"267","GO:0043565","sequence-specific DNA binding","MF",1,"N0.HOG0008949","GO:0043565",1,"GO:0043565",0,"GO:0043565",0,"GO:0043565",0,"GO:0043565",0,"GO:0043565",1,"Binding to DNA of a specific nucleotide composition, e.g. GC-rich DNA binding, or with a specific sequence motif or type of DNA e.g. promotor binding or rDNA binding."
